,id,instruction,response,test_list,instruction_en
0,1,"প্রথম n সংখ্যার ক্ষুদ্রতম গুণিতক খুঁজে বের করার জন্য একটি ফাংশন লিখুন।
Example:
smallest_multiple(n)","def smallest_multiple(n):
    if (n<=2):
        return n
    i = n * 2
    factors = [number  for number in range(n, 1, -1) if number * 2 > n]
    while True:
        for a in factors:
            if i % a != 0:
                i += n
                break
            if (a == factors[-1] and i % a == 0):
                return i","""['assert smallest_multiple(13)==360360', 'assert smallest_multiple(2)==2', 'assert smallest_multiple(1)==1']""",Enter the smallest multiple of the first n number to find a function.
1,2,"সাধারণ কীগুলির জন্য মান যোগ করে দুটি অভিধানকে একত্রিত করার জন্য একটি ফাংশন লিখুন।
Example:
add_dict(d1,d2)","from collections import Counter
def add_dict(d1,d2):
    add_dict = Counter(d1) + Counter(d2)
    return add_dict","""[\""assert add_dict({'a': 100, 'b': 200, 'c':300},{'a': 300, 'b': 200, 'd':400})==({'b': 400, 'd': 400, 'a': 400, 'c': 300}) \"", \""assert add_dict({'a': 500, 'b': 700, 'c':900},{'a': 500, 'b': 600, 'd':900})==({'b': 1300, 'd': 900, 'a': 1000, 'c': 900}) \"", \""assert add_dict({'a':900,'b':900,'d':900},{'a':900,'b':900,'d':900})==({'b': 1800, 'd': 1800, 'a': 1800})\""]""",Write a function to combine two dictionaries by adding the general keys for values.
2,3,"১ থেকে এন পর্যন্ত মোট আনসেট বিট গণনা করার জন্য একটি পাইথন ফাংশন লিখুন।
Example:
count_Unset_Bits(n)","def count_Unset_Bits(n) :  
    cnt = 0;  
    for i in range(1,n + 1) : 
        temp = i;  
        while (temp) :  
            if (temp % 2 == 0) : 
                cnt += 1;  
            temp = temp // 2;  
    return cnt;  ","""['assert count_Unset_Bits(2) == 1', 'assert count_Unset_Bits(5) == 4', 'assert count_Unset_Bits(14) == 17']""",Write a Python function to calculate the total number of bits from 1 to n.
3,4,"একটি ফাংশন লিখুন যা প্রদত্ত সংখ্যাটি এমনকি হলে সত্য ফেরত দেয় অন্যথায় মিথ্যা ফেরত দেয়।
Example:
even_num(x)","def even_num(x):
    if x%2==0:
        return True
    else:
        return False","""['assert even_num(13.5)==False', 'assert even_num(0)==True', 'assert even_num(-9)==False']""",Write a function which returns the given number even if true returns else if false returns.
4,5,"দ্বিপদী সহগগুলির বর্গক্ষেত্রের যোগফল খুঁজে বের করার জন্য একটি পাইথন ফাংশন লিখুন।
Example:
factorial(start,end)","def factorial(start,end): 
    res = 1 
    for i in range(start,end + 1): 
        res *= i      
    return res 
def sum_of_square(n): 
    return int(factorial(n + 1, 2 * n)  /factorial(1, n)) ","""['assert sum_of_square(4) == 70', 'assert sum_of_square(5) == 252', 'assert sum_of_square(2) == 6']""",Write a Python function to find the sum of squares of two coefficients.
5,6,"রেজেক্স ব্যবহার করে একটি ইউআরএল থেকে বছর, মাস এবং তারিখ বের করার জন্য একটি ফাংশন লিখুন।
Example:
extract_date(url)","import re
def extract_date(url):
    return re.findall(r'/(\d{4})/(\d{1,2})/(\d{1,2})/', url)","""['assert extract_date(\""https://www.washingtonpost.com/news/football-insider/wp/2016/09/02/odell-beckhams-fame-rests-on-one-stupid-little-ball-josh-norman-tells-author/\"") == [(\\'2016\\', \\'09\\', \\'02\\')]', 'assert extract_date(\""https://www.indiatoday.in/movies/celebrities/story/wp/2020/11/03/odeof-sushant-singh-rajput-s-death-his-brother-in-law-shares-advice-for-fans-1749646/\"") == [(\\'2020\\', \\'11\\', \\'03\\')]', 'assert extract_date(\""https://economictimes.indiatimes.com/news/economy/2020/12/29/finance/pension-assets-under-pfrda-touch-rs-5-32-lakh-crore/articleshow/79736619.cms\"") == [(\\'2020\\', \\'12\\', \\'29\\')]']""","Enter a function for extracting year, month, and date from a URL using Regex."
6,7,"প্রথম n টি ভাগ্যবান সংখ্যা প্রিন্ট করার জন্য একটি ফাংশন লিখুন।
Example:
lucky_num(n)","def lucky_num(n):
    List=range(-1,n*n+9,2)
    i=2
    while List[i:]:
        List = sorted(set(List) - set(List[List[i]::List[i]]))
        i += 1
    return List[1:n+1]","""['assert lucky_num(10)==[1, 3, 7, 9, 13, 15, 21, 25, 31, 33] ', 'assert lucky_num(5)==[1, 3, 7, 9, 13]', 'assert lucky_num(8)==[1, 3, 7, 9, 13, 15, 21, 25]']""",Type the first n dividing numbers to print for a function.
7,8,"প্রদত্ত অ্যারেতে স্থির বিন্দু খুঁজে পেতে একটি ফাংশন লিখুন।
Example:
find_fixed_point(arr, n)","def find_fixed_point(arr, n): 
	for i in range(n): 
		if arr[i] is i: 
			return i 
	return -1","""['assert find_fixed_point([-10, -1, 0, 3, 10, 11, 30, 50, 100],9) == 3', 'assert find_fixed_point([1, 2, 3, 4, 5, 6, 7, 8],8) == -1', 'assert find_fixed_point([0, 2, 5, 8, 17],5) == 0']""",Enter a function to find a fixed point in a given array.
8,9,"একটি নির্দিষ্ট সংখ্যার পূর্ববর্তী প্যালিনড্রোম খুঁজে পেতে একটি ফাংশন লিখুন।
Example:
previous_palindrome(num)","def previous_palindrome(num):
    for x in range(num-1,0,-1):
        if str(x) == str(x)[::-1]:
            return x","""['assert previous_palindrome(99)==88', 'assert previous_palindrome(1221)==1111', 'assert previous_palindrome(120)==111']""",Enter a function to find the previous palindrome of a specified number.
9,10,"একটি গ্রেগরিয়ান তারিখ বৈধ করার জন্য একটি ফাংশন লিখুন।
Example:
check_date(m, d, y)","import datetime
def check_date(m, d, y):
    try:
        m, d, y = map(int, (m, d, y))
        datetime.date(y, m, d)
        return True
    except ValueError:
        return False","""['assert check_date(11,11,2002)==True', 'assert check_date(13,11,2002)==False', \""assert check_date('11','11','2002')==True\""]""",Enter a Gregorian date to validate for a function.
10,11,"হিপ ক্যু অ্যালগরিদম ব্যবহার করে পূর্ণসংখ্যার একটি অ্যারের তিনটি সংখ্যার সর্বোচ্চ উৎপাদনের জন্য একটি ফাংশন লিখুন।
Example:
maximum_product(nums)","def maximum_product(nums):
    import heapq
    a, b = heapq.nlargest(3, nums), heapq.nsmallest(2, nums)
    return max(a[0] * a[1] * a[2], a[0] * b[0] * b[1])","""['assert maximum_product( [12, 74, 9, 50, 61, 41])==225700', 'assert maximum_product([25, 35, 22, 85, 14, 65, 75, 25, 58])==414375', 'assert maximum_product([18, 14, 10, 9, 8, 7, 9, 3, 2, 4, 1])==2520']""",Enter the maximum output of an array of three integers for a function using the HIP algorithm.
11,12,"ln, m lobb সংখ্যা খুঁজে বের করার জন্য একটি ফাংশন লিখুন।
Example:
lobb_num(n, m)","def binomial_coeff(n, k): 
	C = [[0 for j in range(k + 1)] 
			for i in range(n + 1)] 
	for i in range(0, n + 1): 
		for j in range(0, min(i, k) + 1): 
			if (j == 0 or j == i): 
				C[i][j] = 1
			else: 
				C[i][j] = (C[i - 1][j - 1] 
							+ C[i - 1][j]) 
	return C[n][k] 
def lobb_num(n, m): 
	return (((2 * m + 1) *
		binomial_coeff(2 * n, m + n)) 
					/ (m + n + 1))","""['assert int(lobb_num(5, 3)) == 35', 'assert int(lobb_num(3, 2)) == 5', 'assert int(lobb_num(4, 2)) == 20']""","In, enter the m-lobb number to find a function."
12,13,"একটি স্ট্রিংয়ের শেষে একটি সংখ্যা পরীক্ষা করার জন্য একটি ফাংশন লিখুন।
Example:
end_num(string)","import re
def end_num(string):
    text = re.compile(r"".*[0-9]$"")
    if text.match(string):
        return True
    else:
        return False","""[\""assert end_num('abcdef')==False\"", \""assert end_num('abcdef7')==True\"", \""assert end_num('abc')==False\""]""",Enter a number at the end of a string to test case for a function.
13,14,"প্রদত্ত স্ট্রিং দুটি বিকল্প অক্ষর দিয়ে তৈরি কিনা তা পরীক্ষা করার জন্য একটি পাইথন ফাংশন লিখুন।
Example:
is_Two_Alter(s)","def is_Two_Alter(s):  
    for i in range (len( s) - 2) : 
        if (s[i] != s[i + 2]) : 
            return False
    if (s[0] == s[1]): 
        return False
    return True","""['assert is_Two_Alter(\""abab\"") == True', 'assert is_Two_Alter(\""aaaa\"") == False', 'assert is_Two_Alter(\""xyz\"") == False']""",Write a test case for a Python function for a given string with two alternative characters.
14,15,"ল্যাম্বদা ফাংশন ব্যবহার করে একটি প্রদত্ত অ্যারেতে ধনাত্মক এবং নেতিবাচক সংখ্যাগুলি পুনরায় সাজানোর জন্য একটি ফাংশন লিখুন।
Example:
rearrange_numbs(array_nums)","def rearrange_numbs(array_nums):
  result = sorted(array_nums, key = lambda i: 0 if i == 0 else -1 / i)
  return result ","""['assert rearrange_numbs([-1, 2, -3, 5, 7, 8, 9, -10])==[2, 5, 7, 8, 9, -10, -3, -1]', 'assert rearrange_numbs([10,15,14,13,-18,12,-20])==[10, 12, 13, 14, 15, -20, -18]', 'assert rearrange_numbs([-20,20,-10,10,-30,30])==[10, 20, 30, -30, -20, -10]']""",Type a function for rearranging positive and negative numbers in a given array using the lambda function.
15,16,"একটি ফাংশন লিখুন যাতে আপনি খুঁজে পান যে অ্যারেতে একটি ট্রিপলেট আছে যার যোগফল একটি প্রদত্ত মানের সমান।
Example:
find_triplet_array(A, arr_size, sum)","def find_triplet_array(A, arr_size, sum): 
	for i in range( 0, arr_size-2): 
		for j in range(i + 1, arr_size-1): 
			for k in range(j + 1, arr_size): 
				if A[i] + A[j] + A[k] == sum: 
					return A[i],A[j],A[k] 
	return None","""['assert find_triplet_array([1, 4, 45, 6, 10, 8], 6, 22) == (4, 10, 8)', 'assert find_triplet_array([12, 3, 5, 2, 6, 9], 6, 24) == (12, 3, 9)', 'assert find_triplet_array([1, 2, 3, 4, 5], 5, 9) == (1, 3, 5)']""",Write a function so that you find that the array has a treeplate whose sum is equal to a given value.
16,17,"একটি বড় হাতের অক্ষর এবং তারপরে ছোট হাতের অক্ষরের ক্রম খুঁজে বের করার জন্য একটি ফাংশন লিখুন।
Example:
text_uppercase_lowercase(text)","import re
def text_uppercase_lowercase(text):
        patterns = '[A-Z]+[a-z]+$'
        if re.search(patterns, text):
            return 'Found a match!'
        else:
            return ('Not matched!')","""['assert text_uppercase_lowercase(\""AaBbGg\"")==(\\'Found a match!\\')', 'assert text_uppercase_lowercase(\""aA\"")==(\\'Not matched!\\')', 'assert text_uppercase_lowercase(\""PYTHON\"")==(\\'Not matched!\\')']""",Write a greater than hand character and then less than hand character sequence to find a function.
17,18,"মুদ্রা পরিবর্তনের জন্য একটি ফাংশন লিখুন।
Example:
coin_change(S, m, n)","def coin_change(S, m, n): 
    table = [[0 for x in range(m)] for x in range(n+1)] 
    for i in range(m): 
        table[0][i] = 1
    for i in range(1, n+1): 
        for j in range(m): 
            x = table[i - S[j]][j] if i-S[j] >= 0 else 0
            y = table[i][j-1] if j >= 1 else 0 
            table[i][j] = x + y   
    return table[n][m-1] ","""['assert coin_change([1, 2, 3],3,4)==4', 'assert coin_change([4,5,6,7,8,9],6,9)==2', 'assert coin_change([4,5,6,7,8,9],6,4)==1']""",Type currency change for a function.
18,19,"একটি পাইথন ফাংশন লিখুন যাতে তালিকার সব আইটেমকে গুণ করা যায়।
Example:
multiply_list(items)","def multiply_list(items):
    tot = 1
    for x in items:
        tot *= x
    return tot","""['assert multiply_list([1,-2,3]) == -6', 'assert multiply_list([1,2,3,4]) == 24', 'assert multiply_list([3,1,2,3]) == 18']""",Write a Python function so that all items in the list can be multiplied.
19,20,"একটি ফাংশন লিখুন যাতে প্রদত্ত টিপল তালিকায় সমস্ত শূন্য মান সহ সমস্ত টিপলগুলি সরিয়ে ফেলা যায়।
Example:
remove_tuple(test_list)","def remove_tuple(test_list):
  res = [sub for sub in test_list if not all(ele == None for ele in sub)]
  return (str(res)) ","""[\""assert remove_tuple([(None, 2), (None, None), (3, 4), (12, 3), (None, )] ) == '[(None, 2), (3, 4), (12, 3)]'\"", \""assert remove_tuple([(None, None), (None, None), (3, 6), (17, 3), (None,1 )] ) == '[(3, 6), (17, 3), (None, 1)]'\"", \""assert remove_tuple([(1, 2), (2, None), (3, None), (24, 3), (None, None )] ) == '[(1, 2), (2, None), (3, None), (24, 3)]'\""]""",Write a function that removes all the null values from the given table list.
20,21,"একটি ফাংশন লিখুন যাতে n আকারের প্রতিটি টুপলকে চুনক করা যায়।
Example:
chunk_tuples(test_tup, N)","def chunk_tuples(test_tup, N):
  res = [test_tup[i : i + N] for i in range(0, len(test_tup), N)]
  return (res) ","""['assert chunk_tuples((10, 4, 5, 6, 7, 6, 8, 3, 4), 3) == [(10, 4, 5), (6, 7, 6), (8, 3, 4)]', 'assert chunk_tuples((1, 2, 3, 4, 5, 6, 7, 8, 9), 2) == [(1, 2), (3, 4), (5, 6), (7, 8), (9,)]', 'assert chunk_tuples((11, 14, 16, 17, 19, 21, 22, 25), 4) == [(11, 14, 16, 17), (19, 21, 22, 25)]']""",Write a function so that each group of n sizes can be chosen.
21,22,"একটি প্রদত্ত পূর্ণসংখ্যা অ্যারে থেকে সর্বোচ্চ উৎপাদনের সাথে একটি জোড়া খুঁজে পেতে একটি ফাংশন লিখুন।
Example:
max_product(arr)","def max_product(arr): 
    arr_len = len(arr) 
    if (arr_len < 2): 
        return None     
    x = arr[0]; y = arr[1]    
    for i in range(0, arr_len): 
        for j in range(i + 1, arr_len): 
            if (arr[i] * arr[j] > x * y): 
                x = arr[i]; y = arr[j] 
    return x,y   ","""['assert max_product([1, 2, 3, 4, 7, 0, 8, 4])==(7, 8)', 'assert max_product([0, -1, -2, -4, 5, 0, -6])==(-4, -6)', 'assert max_product([1, 3, 5, 6, 8, 9])==(8,9)']""",Enter a function to find a pair with the maximum output from a given integer array.
22,23,"একটি ফাংশন লিখুন যাতে সবচেয়ে ছোট স্ট্রিং এর দৈর্ঘ্য খুঁজে পাওয়া যায় যার মধ্যে str1 এবং str2 উভয়ই সাবসেকভেন্স হিসাবে থাকে।
Example:
super_seq(X, Y, m, n)","def super_seq(X, Y, m, n):
	if (not m):
		return n
	if (not n):
		return m
	if (X[m - 1] == Y[n - 1]):
		return 1 + super_seq(X, Y, m - 1, n - 1)
	return 1 + min(super_seq(X, Y, m - 1, n),	super_seq(X, Y, m, n - 1))","""['assert super_seq(\""AGGTAB\"", \""GXTXAYB\"", 6, 7) == 9', 'assert super_seq(\""feek\"", \""eke\"", 4, 3) == 5', 'assert super_seq(\""PARRT\"", \""RTA\"", 5, 3) == 6']""",Write a function so as to find the length of the smallest string in which both str1 and str2 are subsquences.
23,24,"একটি ফাংশন লিখুন যাতে দুইটি সংখ্যার সর্বোচ্চ সংখ্যা পাওয়া যায়।
Example:
max_of_two( x, y )","def max_of_two( x, y ):
    if x > y:
        return x
    return y","""['assert max_of_two(10,20)==20', 'assert max_of_two(19,15)==19', 'assert max_of_two(-10,-20)==-10']""",Write a function so that the maximum number of two numbers is available.
24,25,"একটি প্রদত্ত টুপলের সমস্ত সংখ্যার গুণফল গণনা করার জন্য একটি পাইথন ফাংশন লিখুন।
Example:
mutiple_tuple(nums)","def mutiple_tuple(nums):
    temp = list(nums)
    product = 1 
    for x in temp:
        product *= x
    return product","""['assert mutiple_tuple((4, 3, 2, 2, -1, 18)) == -864', 'assert mutiple_tuple((1,2,3)) == 6', 'assert mutiple_tuple((-2,-4,-6)) == -48']""",Enter a Python function to calculate the product of all numbers of a given group.
25,26,"n-তম rencontres সংখ্যা খুঁজে বের করার জন্য একটি ফাংশন লিখুন।
Example:
rencontres_number(n, m)","def binomial_coeffi(n, k): 
	if (k == 0 or k == n): 
		return 1
	return (binomial_coeffi(n - 1, k - 1) 
		+ binomial_coeffi(n - 1, k)) 
def rencontres_number(n, m): 
	if (n == 0 and m == 0): 
		return 1
	if (n == 1 and m == 0): 
		return 0
	if (m == 0): 
		return ((n - 1) * (rencontres_number(n - 1, 0)+ rencontres_number(n - 2, 0))) 
	return (binomial_coeffi(n, m) * rencontres_number(n - m, 0))","""['assert rencontres_number(7, 2) == 924', 'assert rencontres_number(3, 0) == 2', 'assert rencontres_number(3, 1) == 3']""",Enter the n-th number of encounters to find a function.
26,27,"প্রদত্ত বাইনারি গাছের উচ্চতা গণনা করার জন্য একটি ফাংশন লিখুন।
Example:
max_height(node)","class Node: 
	def __init__(self, data): 
		self.data = data 
		self.left = None
		self.right = None
def max_height(node): 
	if node is None: 
		return 0; 
	else: 
		left_height = max_height(node.left) 
		right_height = max_height(node.right) 
		if (left_height > right_height): 
			return left_height+1
		else: 
			return right_height+1","""['assert (max_height(root)) == 3', 'assert (max_height(root1)) == 5 ', 'assert (max_height(root2)) == 4']""",Enter a function to calculate the height of a given binary tree.
27,28,"একটি ফাংশন লিখুন যাতে yyyy-mm-dd ফরম্যাটের একটি তারিখ dd-mm-yyyy ফরম্যাটে রূপান্তর করা যায়।
Example:
change_date_format(dt)","import re
def change_date_format(dt):
    return re.sub(r'(\d{4})-(\d{1,2})-(\d{1,2})', '\\3-\\2-\\1', dt)","""[\""assert change_date_format('2026-01-02')=='02-01-2026'\"", \""assert change_date_format('2021-01-04')=='04-01-2021'\"", \""assert change_date_format('2030-06-06')=='06-06-2030'\""]""",Write a function to convert a date from the yyyy-mm-dd format to the dd-mm-yyyy format.
28,29,"একটি টুপলের পুনরাবৃত্ত আইটেম গণনা করার জন্য একটি ফাংশন লিখুন।
Example:
count_tuplex(tuplex,value)","def count_tuplex(tuplex,value):  
    count = tuplex.count(value)
    return count","""['assert count_tuplex((2, 4, 5, 6, 2, 3, 4, 4, 7),4)==3', 'assert count_tuplex((2, 4, 5, 6, 2, 3, 4, 4, 7),2)==2', 'assert count_tuplex((2, 4, 7, 7, 7, 3, 4, 4, 7),7)==4']""",Enter a function for counting repeating items of a group.
29,30,"একটি ফাংশন লিখুন যা একটি স্ট্রিং এর সাথে মিলবে যার মধ্যে একটি a আছে যার পরে শূন্য বা আরও b আছে regex ব্যবহার করে।
Example:
text_match(text)","import re
def text_match(text):
    patterns = 'ab*?'
    if re.search(patterns,  text):
        return ('Found a match!')
    else:
        return ('Not matched!')","""['assert text_match(\""msb\"") == \\'Not matched!\\'', 'assert text_match(\""a0c\"") == \\'Found a match!\\'', 'assert text_match(\""abbc\"") == \\'Found a match!\\'']""",Write a function that matches a string that has a followed by zero or more b using regex.
30,31,"13+23+33+....+n3 সিরিজের যোগফল গণনা করার জন্য একটি ফাংশন লিখুন।
Example:
sum_series(number)","import math 
def sum_series(number):
    total = 0
    total = math.pow((number * (number + 1)) /2, 2)
    return total","""['assert sum_series(7)==784', 'assert sum_series(5)==225', 'assert sum_series(15)==14400']""",Write the sum of 13+23+33+....+n3 series to calculate for a function.
31,32,"একটি প্রদত্ত স্ট্রিং তালিকা থেকে ডুপ্লিকেট শব্দ অপসারণের জন্য একটি ফাংশন লিখুন।
Example:
remove_duplic_list(l)","def remove_duplic_list(l):
    temp = []
    for x in l:
        if x not in temp:
            temp.append(x)
    return temp","""['assert remove_duplic_list([\""Python\"", \""Exercises\"", \""Practice\"", \""Solution\"", \""Exercises\""])==[\\'Python\\', \\'Exercises\\', \\'Practice\\', \\'Solution\\']', 'assert remove_duplic_list([\""Python\"", \""Exercises\"", \""Practice\"", \""Solution\"", \""Exercises\"",\""Java\""])==[\\'Python\\', \\'Exercises\\', \\'Practice\\', \\'Solution\\', \\'Java\\']', 'assert remove_duplic_list([\""Python\"", \""Exercises\"", \""Practice\"", \""Solution\"", \""Exercises\"",\""C++\"",\""C\"",\""C++\""])==[\\'Python\\', \\'Exercises\\', \\'Practice\\', \\'Solution\\',\\'C++\\',\\'C\\']']""",Enter a function for removing duplicate words from a given string list.
32,33,"একটি ফাংশন লিখুন যা রেজেক্স ব্যবহার করে উট কেস স্ট্রিংকে সাপ কেস স্ট্রিংয়ে রূপান্তর করে।
Example:
camel_to_snake(text)","import re
def camel_to_snake(text):
    str1 = re.sub('(.)([A-Z][a-z]+)', r'\1_\2', text)
    return re.sub('([a-z0-9])([A-Z])', r'\1_\2', str1).lower()","""[\""assert camel_to_snake('GoogleAssistant') == 'google_assistant'\"", \""assert camel_to_snake('ChromeCast') == 'chrome_cast'\"", \""assert camel_to_snake('QuadCore') == 'quad_core'\""]""",Write a function that converts an out case string to an out case string using regex.
33,34,"nth ডেলানয় সংখ্যা খুঁজে বের করার জন্য একটি ফাংশন লিখুন।
Example:
dealnnoy_num(n, m)","def dealnnoy_num(n, m): 
	if (m == 0 or n == 0) : 
		return 1
	return dealnnoy_num(m - 1, n) + dealnnoy_num(m - 1, n - 1) + dealnnoy_num(m, n - 1)","""['assert dealnnoy_num(3, 4) == 129', 'assert dealnnoy_num(3, 3) == 63', 'assert dealnnoy_num(4, 5) == 681']""",Enter the nth row number to find a function.
34,35,"সিরিজ 12+22+32+....+n2 এর যোগফল গণনা করার জন্য একটি ফাংশন লিখুন।
Example:
series_sum(number)","def series_sum(number):
    total = 0
    total = (number * (number + 1) * (2 * number + 1)) / 6
    return total","""['assert series_sum(6)==91', 'assert series_sum(7)==140', 'assert series_sum(12)==650']""",Write the series 12+22+32+....+n2's sum to calculate for a function.
35,36,"প্রদত্ত ক্রমিক তালিকার উপর ভিত্তি করে প্রদত্ত টুপলগুলিকে পুনরায় সাজানোর জন্য একটি ফাংশন লিখুন।
Example:
re_arrange_tuples(test_list, ord_list)","def re_arrange_tuples(test_list, ord_list):
    temp = dict(test_list)
    res = [(key, temp[key]) for key in ord_list]
    return (res) ","""['assert re_arrange_tuples([(4, 3), (1, 9), (2, 10), (3, 2)],  [1, 4, 2, 3]) == [(1, 9), (4, 3), (2, 10), (3, 2)]', 'assert re_arrange_tuples([(5, 4), (2, 10), (3, 11), (4, 3)],  [3, 4, 2, 3]) == [(3, 11), (4, 3), (2, 10), (3, 11)]', 'assert re_arrange_tuples([(6, 3), (3, 8), (5, 7), (2, 4)],  [2, 5, 3, 6]) == [(2, 4), (5, 7), (3, 8), (6, 3)]']""",Type a function to rearrange the given groups based on the given sequence list.
36,37,"একটি প্রদত্ত স্ট্রিংয়ের সবচেয়ে সাধারণ অক্ষর গণনা করার জন্য একটি ফাংশন লিখুন।
Example:
max_char(str1)","from collections import Counter 
def max_char(str1):
    temp = Counter(str1) 
    max_char = max(temp, key = temp.get)
    return max_char","""['assert max_char(\""hello world\"")==(\\'l\\')', 'assert max_char(\""hello \"")==(\\'l\\')', 'assert max_char(\""python pr\"")==(\\'p\\')']""",Enter a function for the most common character count of a given string.
37,38,"তিনটি সাজানো অ্যারে থেকে তিনটি নিকটতম উপাদান খুঁজে পেতে একটি ফাংশন লিখুন।
Example:
find_closet(A, B, C, p, q, r)","import sys 

def find_closet(A, B, C, p, q, r): 
	diff = sys.maxsize 
	res_i = 0
	res_j = 0
	res_k = 0
	i = 0
	j = 0
	k = 0
	while(i < p and j < q and k < r): 
		minimum = min(A[i], min(B[j], C[k])) 
		maximum = max(A[i], max(B[j], C[k])); 
		if maximum-minimum < diff: 
			res_i = i 
			res_j = j 
			res_k = k 
			diff = maximum - minimum; 
		if diff == 0: 
			break
		if A[i] == minimum: 
			i = i+1
		elif B[j] == minimum: 
			j = j+1
		else: 
			k = k+1
	return A[res_i],B[res_j],C[res_k]","""['assert find_closet([1, 4, 10],[2, 15, 20],[10, 12],3,3,2) == (10, 15, 10)', 'assert find_closet([20, 24, 100],[2, 19, 22, 79, 800],[10, 12, 23, 24, 119],3,5,5) == (24, 22, 23)', 'assert find_closet([2, 5, 11],[3, 16, 21],[11, 13],3,3,2) == (11, 16, 11)']""",Write a function to find the three closest elements from a three-order array.
38,39,"ল্যাম্বদা ফাংশন ব্যবহার করে অভিধানের তালিকা সাজানোর জন্য একটি ফাংশন লিখুন।
Example:
sorted_models(models)","def sorted_models(models):
    sorted_models = sorted(models, key = lambda x: x['color'])
    return sorted_models","""[\""assert sorted_models([{'make':'Nokia', 'model':216, 'color':'Black'}, {'make':'Mi Max', 'model':2, 'color':'Gold'}, {'make':'Samsung', 'model': 7, 'color':'Blue'}])==[{'make': 'Nokia', 'model': 216, 'color': 'Black'}, {'make': 'Samsung', 'model': 7, 'color': 'Blue'}, {'make': 'Mi Max', 'model': 2, 'color': 'Gold'}]\"", \""assert sorted_models([{'make':'Vivo', 'model':20,'color':'Blue'},{'make': 'oppo','model':17,'color':'Gold'},{'make':'Apple','model':11,'color':'red'}])==([{'make':'Vivo', 'model':20,'color':'Blue'},{'make': 'oppo','model':17,'color':'Gold'},{'make':'Apple','model':11,'color':'red'}])\"", \""assert sorted_models([{'make':'micromax','model':40,'color':'grey'},{'make':'poco','model':60,'color':'blue'}])==([{'make':'poco','model':60,'color':'blue'},{'make':'micromax','model':40,'color':'grey'}])\""]""",Write a function using the dictionary sort list.
39,40,"একটি ফাংশন লিখুন যা হিপ সোর্ট ব্যবহার করে প্রদত্ত অ্যারে বাছাই করে।
Example:
heap_sort(arr)","def heap_sort(arr):
    heapify(arr)  
    end = len(arr) - 1
    while end > 0:
        arr[end], arr[0] = arr[0], arr[end]
        shift_down(arr, 0, end - 1)
        end -= 1
    return arr

def heapify(arr):
    start = len(arr) // 2
    while start >= 0:
        shift_down(arr, start, len(arr) - 1)
        start -= 1
def shift_down(arr, start, end):
    root = start
    while root * 2 + 1 <= end:
        child = root * 2 + 1
        if child + 1 <= end and arr[child] < arr[child + 1]:
            child += 1
        if child <= end and arr[root] < arr[child]:
            arr[root], arr[child] = arr[child], arr[root]
            root = child
        else:
            return
","""['assert heap_sort([12, 2, 4, 5, 2, 3]) == [2, 2, 3, 4, 5, 12]', 'assert heap_sort([32, 14, 5, 6, 7, 19]) == [5, 6, 7, 14, 19, 32]', 'assert heap_sort([21, 15, 29, 78, 65]) == [15, 21, 29, 65, 78]']""",Write a function that sorts a given array using Hip sort.
40,41,"একটি ফাংশন লিখুন যাতে একটি তালিকার উপাদানগুলি গণনা করা যায় যতক্ষণ না একটি উপাদান একটি টুপল হয়।
Example:
count_elim(num)","def count_elim(num):
    count_elim = 0
    for n in num:
        if isinstance(n, tuple):
            break
        count_elim += 1
    return count_elim","""['assert count_elim([10,20,30,(10,20),40])==3', 'assert count_elim([10,(20,30),(10,20),40])==1', 'assert count_elim([(10,(20,30,(10,20),40))])==0']""",Write a function so that the elements of a list can be counted while not an element is a group.
41,42,"প্রদত্ত তালিকায় কোন তালিকা উপাদান উপস্থিত আছে কিনা তা পরীক্ষা করার জন্য একটি ফাংশন লিখুন।
Example:
check_element(test_tup, check_list)","def check_element(test_tup, check_list):
    res = False
    for ele in check_list:
        if ele in test_tup:
            res = True
            break
    return (res) ","""['assert check_element((4, 5, 7, 9, 3),  [6, 7, 10, 11]) == True', 'assert check_element((1, 2, 3, 4),  [4, 6, 7, 8, 9]) == True', 'assert check_element((3, 2, 1, 4, 5),  [9, 8, 7, 6]) == False']""",Enter a function to test whether any list element is present in the given list.
42,43,"heapq মডিউল ব্যবহার করে দুটি প্রদত্ত বাছাই করা তালিকা একত্রিত করার জন্য একটি ফাংশন লিখুন।
Example:
combine_lists(num1,num2)","from heapq import merge
def combine_lists(num1,num2):
    combine_lists=list(merge(num1, num2))
    return combine_lists","""['assert combine_lists([1, 3, 5, 7, 9, 11],[0, 2, 4, 6, 8, 10])==[0, 1, 2, 3, 4, 5, 6, 7, 8, 9, 10, 11]', 'assert combine_lists([1, 3, 5, 6, 8, 9], [2, 5, 7, 11])==[1,2,3,5,5,6,7,8,9,11]', 'assert combine_lists([1,3,7],[2,4,6])==[1,2,3,4,6,7]']""",Write a function for combining two given sorted lists using a heapq module.
43,44,"একটি প্রদত্ত স্ট্রিং এর সংখ্যা এবং তাদের অবস্থান পৃথক এবং মুদ্রণ করার জন্য একটি ফাংশন লিখুন।
Example:
num_position(text)","import re
def num_position(text):
    for m in re.finditer(""\d+"", text):
        return m.start()","""['assert num_position(\""there are 70 flats in this apartment\"")==10', 'assert num_position(\""every adult have 32 teeth\"")==17', 'assert num_position(\""isha has 79 chocolates in her bag\"")==9']""",Enter a function to separate and print for a given string's number and their position.
44,45,"প্রদত্ত টুপলগুলিকে সেটে রূপান্তর করার জন্য একটি ফাংশন লিখুন।
Example:
tuple_to_set(t)","def tuple_to_set(t):
    s = set(t)
    return (s) ","""[\""assert tuple_to_set(('x', 'y', 'z') ) == {'y', 'x', 'z'}\"", \""assert tuple_to_set(('a', 'b', 'c') ) == {'c', 'a', 'b'}\"", \""assert tuple_to_set(('z', 'd', 'e') ) == {'d', 'e', 'z'}\""]""",Write a function to convert a set to a given set.
45,46,"একটি নির্দিষ্ট পাঠ্যের সবচেয়ে সাধারণ উপাদান এবং তাদের গণনা খুঁজে পেতে একটি ফাংশন লিখুন।
Example:
most_common_elem(s,a)","from collections import Counter 
def most_common_elem(s,a):
    most_common_elem=Counter(s).most_common(a)
    return most_common_elem","""[\""assert most_common_elem('lkseropewdssafsdfafkpwe',3)==[('s', 4), ('e', 3), ('f', 3)] \"", \""assert most_common_elem('lkseropewdssafsdfafkpwe',2)==[('s', 4), ('e', 3)]\"", \""assert most_common_elem('lkseropewdssafsdfafkpwe',7)==[('s', 4), ('e', 3), ('f', 3), ('k', 2), ('p', 2), ('w', 2), ('d', 2)]\""]""",Write a function to find the most common elements of a given string and count them.
46,47,"সবচেয়ে ছোট শব্দের দৈর্ঘ্য খুঁজে বের করার জন্য একটি পাইথন ফাংশন লিখুন।
Example:
len_log(list1)","def len_log(list1):
    min=len(list1[0])
    for i in list1:
        if len(i)<min:
            min=len(i)
    return min","""['assert len_log([\""win\"",\""lose\"",\""great\""]) == 3', 'assert len_log([\""a\"",\""ab\"",\""abc\""]) == 1', 'assert len_log([\""12\"",\""12\"",\""1234\""]) == 2']""",Write the shortest word length to find a Python function.
47,48,"একটি টুপেলের একটি আইটেম পেতে একটি ফাংশন লিখুন।
Example:
get_item(tup1,index)","def get_item(tup1,index):
    item = tup1[index]
    return item","""['assert get_item((\""w\"", 3, \""r\"", \""e\"", \""s\"", \""o\"", \""u\"", \""r\"", \""c\"", \""e\""),3)==(\\'e\\')', 'assert get_item((\""w\"", 3, \""r\"", \""e\"", \""s\"", \""o\"", \""u\"", \""r\"", \""c\"", \""e\""),-4)==(\\'u\\')', 'assert get_item((\""w\"", 3, \""r\"", \""e\"", \""s\"", \""o\"", \""u\"", \""r\"", \""c\"", \""e\""),-3)==(\\'r\\')']""",Enter a function to get an item in a table.
48,49,"একটি ফাংশন লিখুন যা প্রদত্ত টিপল তালিকার ভিত্তিতে টিপলের মোট সংখ্যা সাজায়।
Example:
sort_list(test_list)","def count_digs(tup):
    return sum([len(str(ele)) for ele in tup ]) 
def sort_list(test_list):
    test_list.sort(key = count_digs)
    return (str(test_list))","""[\""assert sort_list([(3, 4, 6, 723), (1, 2), (12345,), (134, 234, 34)] ) == '[(1, 2), (12345,), (3, 4, 6, 723), (134, 234, 34)]'\"", \""assert sort_list([(3, 4, 8), (1, 2), (1234335,), (1345, 234, 334)] ) == '[(1, 2), (3, 4, 8), (1234335,), (1345, 234, 334)]'\"", \""assert sort_list([(34, 4, 61, 723), (1, 2), (145,), (134, 23)] ) == '[(1, 2), (145,), (134, 23), (34, 4, 61, 723)]'\""]""",Write a function that arranges the total number of tiles on the basis of a given list.
49,50,"প্রদত্ত বছরের জন্য চীনা রাশিচক্রের চিহ্ন প্রদর্শন করার জন্য একটি ফাংশন লিখুন।
Example:
chinese_zodiac(year)","def chinese_zodiac(year):
    if (year - 2000) % 12 == 0:
        sign = 'Dragon'
    elif (year - 2000) % 12 == 1:
        sign = 'Snake'
    elif (year - 2000) % 12 == 2:
        sign = 'Horse'
    elif (year - 2000) % 12 == 3:
        sign = 'sheep'
    elif (year - 2000) % 12 == 4:
        sign = 'Monkey'
    elif (year - 2000) % 12 == 5:
        sign = 'Rooster'
    elif (year - 2000) % 12 == 6:
        sign = 'Dog'
    elif (year - 2000) % 12 == 7:
        sign = 'Pig'
    elif (year - 2000) % 12 == 8:
        sign = 'Rat'
    elif (year - 2000) % 12 == 9:
        sign = 'Ox'
    elif (year - 2000) % 12 == 10:
        sign = 'Tiger'
    else:
        sign = 'Hare'
    return sign","""[\""assert chinese_zodiac(1997)==('Ox')\"", \""assert chinese_zodiac(1998)==('Tiger')\"", \""assert chinese_zodiac(1994)==('Dog')\""]""",Enter a function to display the given year for the Chinese zodiac sign.
50,51,"একটি ফাংশন লিখুন যাতে দুটি তালিকার মধ্যে একই রকম সূচকের সর্বোচ্চ সংখ্যা পাওয়া যায়।
Example:
max_similar_indices(test_list1, test_list2)","def max_similar_indices(test_list1, test_list2):
    res = [(max(x[0], y[0]), max(x[1], y[1]))
    for x, y in zip(test_list1, test_list2)]
    return (res) ","""['assert max_similar_indices([(2, 4), (6, 7), (5, 1)],[(5, 4), (8, 10), (8, 14)]) == [(5, 4), (8, 10), (8, 14)]', 'assert max_similar_indices([(3, 5), (7, 8), (6, 2)],[(6, 5), (9, 11), (9, 15)]) == [(6, 5), (9, 11), (9, 15)]', 'assert max_similar_indices([(4, 6), (8, 9), (7, 3)],[(7, 6), (10, 12), (10, 16)]) == [(7, 6), (10, 12), (10, 16)]']""",Write a function so that the maximum number of indexes of the same type is available in two lists.
51,52,"ncr mod p এর মান গণনা করার জন্য একটি ফাংশন লিখুন।
Example:
nCr_mod_p(n, r, p)","def nCr_mod_p(n, r, p): 
	if (r > n- r): 
		r = n - r 
	C = [0 for i in range(r + 1)] 
	C[0] = 1 
	for i in range(1, n + 1): 
		for j in range(min(i, r), 0, -1): 
			C[j] = (C[j] + C[j-1]) % p 
	return C[r] ","""['assert nCr_mod_p(10, 2, 13) == 6', 'assert nCr_mod_p(11, 3, 14) == 11', 'assert nCr_mod_p(18, 14, 19) == 1']""",Enter a function for calculating the value of ncr mod p.
52,53,"একটি পাইথন ফাংশন লিখুন যাতে স্বতন্ত্র উপাদানগুলির সাথে উপসেটগুলির সর্বনিম্ন সংখ্যা খুঁজে পাওয়া যায়।
Example:
subset(ar, n)","def subset(ar, n): 
    res = 0
    ar.sort() 
    for i in range(0, n) : 
        count = 1
        for i in range(n - 1): 
            if ar[i] == ar[i + 1]: 
                count+=1
            else: 
                break 
        res = max(res, count)  
    return res ","""['assert subset([1, 2, 3, 4],4) == 1', 'assert subset([5, 6, 9, 3, 4, 3, 4],7) == 2', 'assert subset([1, 2, 3 ],3) == 1']""",Write a Python function to find the minimum number of subsets with separate elements.
53,54,"একটি ফাংশন লিখুন যা লাভের পরিমাণ দেয় যদি প্রদত্ত পরিমাণে লাভ থাকে অন্যথায় কোনটিই ফেরত দেয় না।
Example:
profit_amount(actual_cost,sale_amount)","def profit_amount(actual_cost,sale_amount): 
    if(actual_cost > sale_amount):
        amount = actual_cost - sale_amount
        return amount
    else:
        return None","""['assert profit_amount(1500,1200)==300', 'assert profit_amount(100,200)==None', 'assert profit_amount(2000,5000)==None']""",Write a function that returns the amount of profit if there is a profit in the given amount otherwise it does not return any.
54,55,"একটি ফাংশন লিখুন, যেটা দিয়ে আমরা জানতে পারি যে, প্রদত্ত সংখ্যাটি প্রচুর পরিমাণে আছে কিনা।
Example:
is_abundant(n)","def is_abundant(n):
    fctrsum = sum([fctr for fctr in range(1, n) if n % fctr == 0])
    return fctrsum > n","""['assert is_abundant(12)==True', 'assert is_abundant(13)==False', 'assert is_abundant(9)==False']""",Write a function that tells us whether the given number is abundant.
55,56,"রেজেক্স ব্যবহার করে বড় অক্ষরে প্রদত্ত স্ট্রিংকে বিভক্ত করার জন্য একটি ফাংশন লিখুন।
Example:
split_list(text)","import re
def split_list(text):
    return (re.findall('[A-Z][^A-Z]*', text))","""['assert split_list(\""LearnToBuildAnythingWithGoogle\"") == [\\'Learn\\', \\'To\\', \\'Build\\', \\'Anything\\', \\'With\\', \\'Google\\']', 'assert split_list(\""ApmlifyingTheBlack+DeveloperCommunity\"") == [\\'Apmlifying\\', \\'The\\', \\'Black+\\', \\'Developer\\', \\'Community\\']', 'assert split_list(\""UpdateInTheGoEcoSystem\"") == [\\'Update\\', \\'In\\', \\'The\\', \\'Go\\', \\'Eco\\', \\'System\\']']""",Write a function for dividing a given string using regex greater than character.
56,57,"ডানদিকের সেট বিটের অবস্থান পেতে একটি পাইথন ফাংশন লিখুন।
Example:
get_First_Set_Bit_Pos(n)","import math
def get_First_Set_Bit_Pos(n):
    return math.log2(n&-n)+1","""['assert get_First_Set_Bit_Pos(12) == 3', 'assert get_First_Set_Bit_Pos(18) == 2', 'assert get_First_Set_Bit_Pos(16) == 5']""",Enter a Python function to get the position of the right set of bits.
57,58,"একটি পূর্ণসংখ্যাকে রোমান সংখ্যায় রূপান্তর করার জন্য একটি ফাংশন লিখুন।
Example:
int_to_roman( num)","def int_to_roman( num):
    val = [1000, 900, 500, 400,100, 90, 50, 40,10, 9, 5, 4,1]
    syb = [""M"", ""CM"", ""D"", ""CD"",""C"", ""XC"", ""L"", ""XL"",""X"", ""IX"", ""V"", ""IV"",""I""]
    roman_num = ''
    i = 0
    while  num > 0:
        for _ in range(num // val[i]):
            roman_num += syb[i]
            num -= val[i]
        i += 1
    return roman_num","""['assert int_to_roman(1)==(\""I\"")', 'assert int_to_roman(50)==(\""L\"")', 'assert int_to_roman(4)==(\""IV\"")']""",Write a function for converting a whole number to Roman numerals.
58,59,"একটি তালিকা গড় খুঁজে পেতে একটি পাইথন ফাংশন লিখুন।
Example:
Average(lst)","def Average(lst): 
    return sum(lst) / len(lst) ","""['assert Average([15, 9, 55, 41, 35, 20, 62, 49]) == 35.75', 'assert Average([4, 5, 1, 2, 9, 7, 10, 8]) == 5.75', 'assert Average([1,2,3]) == 2']""",Write a Python function to find a list.
59,60,"টাইলিং সমস্যা সমাধানের জন্য একটি ফাংশন লিখুন।
Example:
get_noOfways(n)","def get_noOfways(n):
    if (n == 0):
        return 0;
    if (n == 1):
        return 1; 
    return get_noOfways(n - 1) + get_noOfways(n - 2);","""['assert get_noOfways(4)==3', 'assert get_noOfways(3)==2', 'assert get_noOfways(5)==5']""",Write a tailing problem solver for a function.
60,61,"একটি রোমান সংখ্যাকে একটি পূর্ণসংখ্যায় রূপান্তর করার জন্য একটি ফাংশন লিখুন।
Example:
roman_to_int(s)","def roman_to_int(s):
    rom_val = {'I': 1, 'V': 5, 'X': 10, 'L': 50, 'C': 100, 'D': 500, 'M': 1000}
    int_val = 0
    for i in range(len(s)):
        if i > 0 and rom_val[s[i]] > rom_val[s[i - 1]]:
            int_val += rom_val[s[i]] - 2 * rom_val[s[i - 1]]
        else:
            int_val += rom_val[s[i]]
    return int_val","""[\""assert roman_to_int('MMMCMLXXXVI')==3986\"", \""assert roman_to_int('MMMM')==4000\"", \""assert roman_to_int('C')==100\""]""",Write a function to convert a Roman numeral to an integer.
61,62,"l এবং r এর মধ্যে সমস্ত সম প্রাকৃতিক সংখ্যার যোগফল খুঁজে বের করার জন্য একটি পাইথন ফাংশন লিখুন।
Example:
sum_Even(l,r)","def sum_Natural(n): 
    sum = (n * (n + 1)) 
    return int(sum) 
def sum_Even(l,r): 
    return (sum_Natural(int(r / 2)) - sum_Natural(int((l - 1) / 2))) ","""['assert sum_Even(2,5) == 6', 'assert sum_Even(3,8) == 18', 'assert sum_Even(4,6) == 10']""",Write a Python function to find the sum of all natural numbers between l and r.
62,63,"ডিসক্রিমিন্যান্ট মান গণনা করার জন্য একটি ফাংশন লিখুন।
Example:
discriminant_value(x,y,z)","def discriminant_value(x,y,z):
    discriminant = (y**2) - (4*x*z)
    if discriminant > 0:
        return (""Two solutions"",discriminant)
    elif discriminant == 0:
        return (""one solution"",discriminant)
    elif discriminant < 0:
        return (""no real solution"",discriminant)","""['assert discriminant_value(4,8,2)==(\""Two solutions\"",32)', 'assert discriminant_value(5,7,9)==(\""no real solution\"",-131)', 'assert discriminant_value(0,0,9)==(\""one solution\"",0)']""",Write the discrete value to calculate for a function.
63,64,"একটি পাইথন ফাংশন লিখুন যাতে শব্দটির দৈর্ঘ্য সমান হয় কিনা তা পরীক্ষা করা যায়।
Example:
word_len(s)","def word_len(s): 
    s = s.split(' ')   
    for word in s:    
        if len(word)%2==0: 
            return True  
        else:
          return False","""['assert word_len(\""program\"") == False', 'assert word_len(\""solution\"") == True', 'assert word_len(\""data\"") == True']""",Write a Python function so that you can test whether the length of the word is equal.
64,65,"একটি ফাংশন লিখুন যা উট কেস স্ট্রিংকে সাপ কেস স্ট্রিংয়ে রূপান্তর করে।
Example:
camel_to_snake(text)","def camel_to_snake(text):
    import re
    str1 = re.sub('(.)([A-Z][a-z]+)', r'\1_\2', text)
    return re.sub('([a-z0-9])([A-Z])', r'\1_\2', str1).lower()","""[\""assert camel_to_snake('PythonProgram')==('python_program')\"", \""assert camel_to_snake('pythonLanguage')==('python_language')\"", \""assert camel_to_snake('ProgrammingLanguage')==('programming_language')\""]""",Write a function that converts a case string to a case string.
65,66,"একটি ফাংশন লিখুন যা একটি তালিকার একটি খালি টিপলকে সরিয়ে দেয়।
Example:
remove_empty(tuple1)","def remove_empty(tuple1): #L = [(), (), ('',), ('a', 'b'), ('a', 'b', 'c'), ('d')]
    tuple1 = [t for t in tuple1 if t]
    return tuple1","""[\""assert remove_empty([(), (), ('',), ('a', 'b'), ('a', 'b', 'c'), ('d')])==[('',), ('a', 'b'), ('a', 'b', 'c'), 'd']  \"", 'assert remove_empty([(), (), (\\'\\',), (\""python\""), (\""program\"")])==[(\\'\\',), (\""python\""), (\""program\"")]  ', 'assert remove_empty([(), (), (\\'\\',), (\""java\"")])==[(\\'\\',),(\""java\"") ]  ']""",Write a function that removes a blank item from a list.
66,67,"একটি পাইথন ফাংশন লিখুন যাতে স্ট্রিংগুলিকে গ্রহণ করা যায় যাতে সমস্ত স্বরবর্ণ থাকে।
Example:
check(string)","def check(string): 
    if len(set(string).intersection(""AEIOUaeiou""))>=5: 
        return ('accepted') 
    else: 
        return (""not accepted"") ","""['assert check(\""SEEquoiaL\"") == \\'accepted\\'', 'assert check(\\'program\\') == \""not accepted\""', 'assert check(\\'fine\\') == \""not accepted\""']""",Write a Python function so that it accepts strings that have all the colors.
67,68,"প্রদত্ত পর্যায়ক্রমিক ফাংশনের সর্বোচ্চ সম্ভাব্য মান খুঁজে পেতে একটি পাইথন ফাংশন লিখুন।
Example:
floor_Max(A,B,N)","def floor_Max(A,B,N):
    x = min(B - 1,N)
    return (A*x) // B","""['assert floor_Max(11,10,9) == 9', 'assert floor_Max(5,7,4) == 2', 'assert floor_Max(2,2,1) == 1']""",Enter a Python function to find the maximum possible value of a given periodic function.
68,69,"যদি টুপলগুলির একই রকম প্রাথমিক উপাদান থাকে তবে তাদের যোগ করার জন্য একটি ফাংশন লিখুন।
Example:
join_tuples(test_list)","def join_tuples(test_list):
    res = []
    for sub in test_list:
        if res and res[-1][0] == sub[0]:
            res[-1].extend(sub[1:])
        else:
            res.append([ele for ele in sub])
    res = list(map(tuple, res))
    return (res)","""['assert join_tuples([(5, 6), (5, 7), (6, 8), (6, 10), (7, 13)] ) == [(5, 6, 7), (6, 8, 10), (7, 13)]', 'assert join_tuples([(6, 7), (6, 8), (7, 9), (7, 11), (8, 14)] ) == [(6, 7, 8), (7, 9, 11), (8, 14)]', 'assert join_tuples([(7, 8), (7, 9), (8, 10), (8, 12), (9, 15)] ) == [(7, 8, 9), (8, 10, 12), (9, 15)]']""","if the tuples have the same basic elements, then write a function to add them."
69,70,"একটি ফাংশন লিখুন যাতে দুইটি সংখ্যার সর্বনিম্ন সংখ্যা পাওয়া যায়।
Example:
min_of_two( x, y )","def min_of_two( x, y ):
    if x < y:
        return x
    return y","""['assert min_of_two(10,20)==10', 'assert min_of_two(19,15)==15', 'assert min_of_two(-10,-20)==-20']""",Write a function so that the smallest number of two numbers is available.
70,71,"একটি ফাংশন লিখুন যা a, b এবং c দৈর্ঘ্যের সেগমেন্টের সর্বোচ্চ সংখ্যা খুঁজে বের করে যা n থেকে গঠিত হতে পারে।
Example:
maximum_segments(n, a, b, c)","def maximum_segments(n, a, b, c) : 
	dp = [-1] * (n + 10) 
	dp[0] = 0
	for i in range(0, n) : 
		if (dp[i] != -1) : 
			if(i + a <= n ): 
				dp[i + a] = max(dp[i] + 1, dp[i + a]) 
			if(i + b <= n ): 
				dp[i + b] = max(dp[i] + 1, dp[i + b]) 
			if(i + c <= n ): 
				dp[i + c] = max(dp[i] + 1, dp[i + c]) 
	return dp[n]","""['assert maximum_segments(7, 5, 2, 5) == 2', 'assert maximum_segments(17, 2, 1, 3) == 17', 'assert maximum_segments(18, 16, 3, 6) == 6']""","Write a function that finds the maximum number of segments of length a, b and c that can be formed from n."
71,72,"একটি ফাংশন লিখুন যা দেওয়া দুটি টিপলকে একটি নেস্টেড টিপলে সংযুক্ত করে।
Example:
concatenate_nested(test_tup1, test_tup2)","def concatenate_nested(test_tup1, test_tup2):
    res = test_tup1 + test_tup2
    return (res) ","""['assert concatenate_nested((3, 4), (5, 6)) == (3, 4, 5, 6)', 'assert concatenate_nested((1, 2), (3, 4)) == (1, 2, 3, 4)', 'assert concatenate_nested((4, 5), (6, 8)) == (4, 5, 6, 8)']""",Write a function that concatenates two given types into a nested type.
72,73,"একটি পাইথন ফাংশন লিখুন যা স্ট্রিংকে বাম দিকে ঘোরায়।
Example:
left_rotate(s,d)","def left_rotate(s,d):
    tmp = s[d : ] + s[0 : d]
    return tmp  ","""['assert left_rotate(\""python\"",2) == \""thonpy\""   ', 'assert left_rotate(\""bigdata\"",3 ) == \""databig\"" ', 'assert left_rotate(\""hadoop\"",1 ) == \""adooph\"" ']""",Write a Python function that rotates the string to the left.
73,74,"প্রদত্ত ত্রিভুজটির সর্বনিম্ন মোট পথের যোগফল খুঁজে বের করার জন্য একটি ফাংশন লিখুন।
Example:
min_sum_path(A)","def min_sum_path(A): 
	memo = [None] * len(A) 
	n = len(A) - 1
	for i in range(len(A[n])): 
		memo[i] = A[n][i] 
	for i in range(len(A) - 2, -1,-1): 
		for j in range( len(A[i])): 
			memo[j] = A[i][j] + min(memo[j], memo[j + 1]) 
	return memo[0]","""['assert min_sum_path([[ 2 ], [3, 9 ], [1, 6, 7 ]]) == 6', 'assert min_sum_path([[ 2 ], [3, 7 ], [8, 5, 6 ]]) == 10 ', 'assert min_sum_path([[ 3 ], [6, 4 ], [5, 2, 7 ]]) == 9']""",Enter a function to find the minimum total path sum of a given triangle.
74,75,"একটি ফাংশন লিখুন যা দিয়ে দেওয়া জোড়া থেকে তৈরি করা সবচেয়ে দীর্ঘতম চেইন খুঁজে বের করতে হবে।
Exammple:
max_chain_length(lst, n)","class Pair:

    def __init__(self, a, b):
        self.a = a
        self.b = b

def max_chain_length(lst, n):
    sorted_lst = sorted(lst, key=lambda x: x.b)
    current_end = -float('inf')
    count = 0
    for pair in sorted_lst:
        if pair.a > current_end:
            count += 1
            current_end = pair.b
    return count
","""['assert max_chain_length([Pair(5, 24), Pair(15, 25),Pair(27, 40), Pair(50, 60)], 4) == 3', 'assert max_chain_length([Pair(1, 2), Pair(3, 4),Pair(5, 6), Pair(7, 8)], 4) == 4', 'assert max_chain_length([Pair(19, 10), Pair(11, 12),Pair(13, 14), Pair(15, 16), Pair(31, 54)], 5) == 5']""","Write a function to find the longest chain that can be formed from a given list of pairs.

Example:

max_chain_length(lst: list[tuple[int, int]], n: int) -> int
"
75,76,"একটি প্রদত্ত স্ট্রিং-এ প্রথম পুনরাবৃত্ত অক্ষর খুঁজে পেতে একটি পাইথন ফাংশন লিখুন।
Exammple:
first_repeated_char(s)","def first_repeated_char(s):
    seen = set()
    for c in s:
        if c in seen:
            return c
        seen.add(c)
    return 'None'
","""['assert first_repeated_char(\""abcabc\"") == \""a\""', 'assert first_repeated_char(\""abc\"") == \""None\""', 'assert first_repeated_char(\""123123\"") == \""1\""']""","Write a Python function to find the first repeated character in a given string.
Example:
def first_repeated_char(s: str) -> str:
"
76,77,"একটি ফাংশন লিখুন যা n এর চেয়ে ছোট বা সমান একটি স্বচ্ছ সংখ্যা পেতে পারে।
Exammple:
get_ludic(n)","def get_ludic(n):
    if n < 1:
        return []
    numbers = list(range(1, n + 1))
    ludics = []
    
    while numbers:
        l = numbers[0]
        ludics.append(l)
        # Remove every l-th element from the list (counting from 1)
        numbers = [num for i, num in enumerate(numbers, 1) if i % l != 0]
    
    return [x for x in ludics if x <= n]
","""['assert get_ludic(10) == [1, 2, 3, 5, 7]', 'assert get_ludic(25) == [1, 2, 3, 5, 7, 11, 13, 17, 23, 25]', 'assert get_ludic(45) == [1, 2, 3, 5, 7, 11, 13, 17, 23, 25, 29, 37, 41, 43]']""","Write a function that finds a ludic number less than or equal to n.

Example:

def get_ludic(n):
"
77,78,"একটি প্রদত্ত স্ট্রিং এর শব্দগুলোকে বিপরীত করার জন্য একটি ফাংশন লিখুন।
Exammple:
reverse_words(s)","def reverse_words(s):
    return ' '.join(s.split()[::-1])
","""['assert reverse_words(\""python program\"")==(\""program python\"")', 'assert reverse_words(\""java language\"")==(\""language java\"")', 'assert reverse_words(\""indian man\"")==(\""man indian\"")']""","Write a function to reverse the words of a given string.
Example:
def reverse_words(s: str) -> str:
"
78,79,"প্রদত্ত পূর্ণসংখ্যাটি একটি মৌলিক সংখ্যা কিনা তা পরীক্ষা করার জন্য একটি ফাংশন লিখুন।
Exammple:
prime_num(n)","def prime_num(n):
    if n <= 1:
        return False
    if n == 2:
        return True
    if n % 2 == 0:
        return False
    max_divisor = int(n ** 0.5) + 1
    for i in range(3, max_divisor, 2):
        if n % i == 0:
            return False
    return True
","""['assert prime_num(13)==True', 'assert prime_num(7)==True', 'assert prime_num(-1010)==False']""","Write a function to check if a given integer is a prime number.

Example:
def prime_num(n: int) -> bool:
"
79,80,"ডিগ্রিকে রেডিয়ান রূপান্তর করার জন্য একটি ফাংশন লিখুন।
Exammple:
radian_degree(n)","import math

def radian_degree(n):
    return n * math.pi / 180
","""['assert radian_degree(90)==1.5707963267948966', 'assert radian_degree(60)==1.0471975511965976', 'assert radian_degree(120)==2.0943951023931953']""","Write a function to convert degrees to radians.
Example:
def radian_degree(n):
"
80,81,"একটি স্ট্রিং-এ একটি আক্ষরিক স্ট্রিং অনুসন্ধান করার জন্য একটি ফাংশন লিখুন এবং রেজেক্স ব্যবহার করে মূল স্ট্রিং-এর মধ্যে অবস্থানটি খুঁজে বের করুন যেখানে প্যাটার্নটি ঘটে।
Exammple:
find_literals(s, s2)","import re

def find_literals(s, s2):
    match = re.search(re.escape(s2), s)
    if match:
        return (s2, match.start(), match.end())
    else:
        return ()
","""[\""assert find_literals('The quick brown fox jumps over the lazy dog.', 'fox') == ('fox', 16, 19)\"", \""assert find_literals('Its been a very crazy procedure right', 'crazy') == ('crazy', 16, 21)\"", \""assert find_literals('Hardest choices required strongest will', 'will') == ('will', 35, 39)\""]""","Write a function to search for a literal string within a string and find the position within the original string where the pattern occurs using regex.

Example:

```python
def find_literals(s: str, s2: str) -> int:
```
"
81,82,"একটি পাইথন ফাংশন লিখুন nth বেল নম্বর খুঁজে পেতে।
Exammple:
bell_Number(n)","def bell_Number(n):
    if n == 0:
        return 1
    rows = [[1]]
    for i in range(1, n + 1):
        prev_row = rows[i - 1]
        new_row = [prev_row[-1]]
        for j in range(1, i + 1):
            next_val = new_row[j - 1] + prev_row[j - 1]
            new_row.append(next_val)
        rows.append(new_row)
    return rows[n][0]
","""['assert bell_Number(2) == 2', 'assert bell_Number(3) == 5', 'assert bell_Number(4) == 15']""","Write a Python function to find the nth Bell number.

Example:
def bell_Number(n):
"
82,83,"প্রদত্ত পর্যায়ক্রমিক ফাংশনের জন্য সর্বনিম্ন সম্ভাব্য মান খুঁজে পেতে একটি পাইথন ফাংশন লিখুন।
Exammple:
floor_Min(n, n2, n3)","def floor_Min(n, n2, n3):
    return n * n3 // n2
","""['assert floor_Min(10,20,30) == 15', 'assert floor_Min(1,2,1) == 0', 'assert floor_Min(11,10,9) == 9']""","Write a Python function to find the smallest possible value for a given sequence function.

Example:
floor_Min(n, n2, n3)
"
83,84,"একটি প্রদত্ত তালিকা থেকে k'th উপাদান অপসারণের জন্য একটি পাইথন ফাংশন লিখুন।
Exammple:
remove_kth_element(lst, n)","def remove_kth_element(lst, n):
    return lst[:n - 1] + lst[n:]
","""['assert remove_kth_element([1,1,2,3,4,4,5,1],3)==[1, 1, 3, 4, 4, 5, 1]', 'assert remove_kth_element([0, 0, 1, 2, 3, 4, 4, 5, 6, 6, 6, 7, 8, 9, 4, 4],4)==[0, 0, 1, 3, 4, 4, 5, 6, 6, 6, 7, 8, 9, 4, 4]', 'assert remove_kth_element([10, 10, 15, 19, 18, 18, 17, 26, 26, 17, 18, 10],5)==[10,10,15,19, 18, 17, 26, 26, 17, 18, 10]']""","Write a Python function to remove the k'th element from a given list.
Example:
remove_kth_element(lst: list, k: int)
"
84,85,"প্রদত্ত টিপল তালিকা থেকে n-তম কলামের সর্বোচ্চ সংখ্যা খুঁজে বের করার জন্য একটি ফাংশন লিখুন।
Exammple:
max_of_nth(lst, n)","def max_of_nth(lst, n):
    return max((t[n] for t in lst))
","""['assert max_of_nth([(5, 6, 7), (1, 3, 5), (8, 9, 19)], 2) == 19', 'assert max_of_nth([(6, 7, 8), (2, 4, 6), (9, 10, 20)], 1) == 10', 'assert max_of_nth([(7, 8, 9), (3, 5, 7), (10, 11, 21)], 1) == 11']""","Write a function to find the maximum number in the n-th column from a given list of tuples.
Example:
def max_of_nth(lst: list[tuple], n: int) -> int:
"
85,86,"একটি পাইথন ফাংশন লিখুন যা প্রথম এবং শেষ উপাদানগুলিকে আলাদাভাবে তালিকার তালিকায় একত্রিত করে।
Exammple:
merge(lst)","def merge(lst):
    return [list(col) for col in zip(*lst)]
","""[\""assert merge([['x', 'y'], ['a', 'b'], ['m', 'n']]) == [['x', 'a', 'm'], ['y', 'b', 'n']]\"", 'assert merge([[1, 2], [3, 4], [5, 6], [7, 8]]) == [[1, 3, 5, 7], [2, 4, 6, 8]]', \""assert merge([['x', 'y','z' ], ['a', 'b','c'], ['m', 'n','o']]) == [['x', 'a', 'm'], ['y', 'b', 'n'],['z', 'c','o']]\""]""","Write a Python function that merges the first and last elements of a list of lists separately.

Example:

def merge(lst: list[list[any]]) -> list[any]:
"
86,87,"প্রদত্ত তালিকায় টুপল বৈশিষ্ট্য হিসাবে রেকর্ড তালিকার সর্বাধিক মান খুঁজে পেতে একটি ফাংশন লিখুন।
Exammple:
maximum_value(lst)","def maximum_value(lst):
    return [(key, max(nums)) for key, nums in lst]
","""[\""assert maximum_value([('key1', [3, 4, 5]), ('key2', [1, 4, 2]), ('key3', [9, 3])]) == [('key1', 5), ('key2', 4), ('key3', 9)]\"", \""assert maximum_value([('key1', [4, 5, 6]), ('key2', [2, 5, 3]), ('key3', [10, 4])]) == [('key1', 6), ('key2', 5), ('key3', 10)]\"", \""assert maximum_value([('key1', [5, 6, 7]), ('key2', [3, 6, 4]), ('key3', [11, 5])]) == [('key1', 7), ('key2', 6), ('key3', 11)]\""]""","Write a function to find the maximum value in a list of records, where the records are represented as tuples in the given list.

Example:

```python
def maximum_value(lst: list[tuple]) -> tuple:
```
"
87,88,"প্রদত্ত টিপল তালিকায় উপস্থিত সমস্ত মানের ক্রমিক যোগফল খুঁজে বের করার জন্য একটি ফাংশন লিখুন।
Exammple:
cummulative_sum(lst)","def cummulative_sum(lst):
    total = 0
    for tpl in lst:
        for num in tpl:
            total += num
    return total
","""['assert cummulative_sum([(1, 3), (5, 6, 7), (2, 6)]) == 30', 'assert cummulative_sum([(2, 4), (6, 7, 8), (3, 7)]) == 37', 'assert cummulative_sum([(3, 5), (7, 8, 9), (4, 8)]) == 44']""","Write a function to find the cumulative sum of all values present in a given tuple list.
Example:
cumulative_sum(lst: tuple) -> list
"
88,89,"একটি প্রদত্ত টুপল টুপল এর সংখ্যার গড় মান খুঁজে পেতে একটি ফাংশন লিখুন।
Exammple:
average_tuple(tup)","def average_tuple(tup):
    if not tup:
        return []
    num_columns = len(tup[0])
    num_rows = len(tup)
    averages = []
    for j in range(num_columns):
        total = 0
        for row in tup:
            total += row[j]
        averages.append(total / num_rows)
    return averages
","""['assert average_tuple(((10, 10, 10, 12), (30, 45, 56, 45), (81, 80, 39, 32), (1, 2, 3, 4)))==[30.5, 34.25, 27.0, 23.25]', 'assert average_tuple(((1, 1, -5), (30, -15, 56), (81, -60, -39), (-10, 2, 3)))== [25.5, -18.0, 3.75]', 'assert average_tuple( ((100, 100, 100, 120), (300, 450, 560, 450), (810, 800, 390, 320), (10, 20, 30, 40)))==[305.0, 342.5, 270.0, 232.5]']""","Write a function to find the average value of the numbers within a given tuple.

Example:

def average_tuple(tup):
"
89,90,"প্রদত্ত দুটি টুপলে টুপল উপাদানগুলির মডুলো সম্পাদন করার জন্য একটি ফাংশন লিখুন।
Exammple:
tuple_modulo(tup, tup2)","def tuple_modulo(tup, tup2):
    return tuple((a % b for a, b in zip(tup, tup2)))
","""['assert tuple_modulo((10, 4, 5, 6), (5, 6, 7, 5)) == (0, 4, 5, 1)', 'assert tuple_modulo((11, 5, 6, 7), (6, 7, 8, 6)) == (5, 5, 6, 1)', 'assert tuple_modulo((12, 6, 7, 8), (7, 8, 9, 7)) == (5, 6, 7, 1)']""","Write a function to perform modulo operation on the elements of two given tuples.
Example:
tuple_modulo(tup1: tuple, tup2: tuple)
"
90,91,"একটি 2 ডি সমতল থেকে উৎপত্তি থেকে একটি ফর্ম (d, 0) এর একটি বিন্দুতে পৌঁছানোর জন্য প্রদত্ত দৈর্ঘ্যের প্রয়োজনীয় জাম্পের সংখ্যা পরীক্ষা করার জন্য একটি ফাংশন লিখুন।
Exammple:
min_Jumps(n, n2, n3)","import math

def min_Jumps(n, n2, n3):
    if n3 == 0:
        return 0.0
    avg = (n + n2) / 2.0
    total = n3 / avg
    rounded = math.ceil(total * 2 - 1e-09) / 2
    return rounded
","""['assert min_Jumps(3,4,11)==3.5', 'assert min_Jumps(3,4,0)==0', 'assert min_Jumps(11,14,11)==1']""","Write a function to check the minimum number of jumps of a given length required to reach a point of the form (d, 0) from the origin in a 2D plane.

Example:

min_Jumps(d: int, jump_length: int) -> int:
"
91,92,"মানচিত্র এবং ল্যাম্বদা ফাংশন ব্যবহার করে দুটি তালিকা ভাগ করার জন্য একটি ফাংশন লিখুন।
Exammple:
div_list(lst, lst2)","def div_list(lst, lst2):
    return list(map(lambda pair: pair[0] / pair[1], zip(lst, lst2)))
","""['assert div_list([4,5,6],[1, 2, 3])==[4.0,2.5,2.0]', 'assert div_list([3,2],[1,4])==[3.0, 0.5]', 'assert div_list([90,120],[50,70])==[1.8, 1.7142857142857142]']""","Write a function to divide two lists using the `map` and `lambda` functions.

Example:

```python
def div_list(lst, lst2):
    # function body
    pass
```
"
92,93,"একটি ফাংশন লিখুন যাতে সবগুলো সংখ্যাকে দেওয়া স্ট্রিংয়ে স্থানান্তর করা যায়।
Exammple:
move_num(s)","import re

def move_num(s):
    tokens = re.findall('\\d+|\\D+', s)
    non_digits = []
    digits = []
    for token in tokens:
        if token.isdigit():
            digits.append(token)
        else:
            non_digits.append(token)
    return ''.join(non_digits) + ''.join(digits)
","""[\""assert move_num('I1love143you55three3000thousand') == 'Iloveyouthreethousand1143553000'\"", \""assert move_num('Avengers124Assemble') == 'AvengersAssemble124'\"", \""assert move_num('Its11our12path13to14see15things16do17things') == 'Itsourpathtoseethingsdothings11121314151617'\""]""","Write a function that moves all numbers to the beginning of a given string.

Example:

move_num(s: str) -> str:
"
93,94,"একটি ফাংশন লিখুন যেখানে প্রতিটি জোড়া বিভাজ্য হয়।
Exammple:
largest_subset(lst, n)","def largest_subset(lst, n):
    if not lst:
        return 0
    lst_sorted = sorted(lst)
    dp = [1] * len(lst_sorted)
    max_len = 1
    for i in range(len(lst_sorted)):
        for j in range(i):
            if lst_sorted[i] % lst_sorted[j] == 0:
                if dp[j] + 1 > dp[i]:
                    dp[i] = dp[j] + 1
        max_len = max(max_len, dp[i])
    return max_len
","""['assert largest_subset([ 1, 3, 6, 13, 17, 18 ], 6) == 4', 'assert largest_subset([10, 5, 3, 15, 20], 5) == 3', 'assert largest_subset([18, 1, 3, 6, 13, 17], 6) == 4']""","Write a function where each pair is divisible.
Example:
largest_subset(lst: list[int], n: int)
"
94,95,"একটি ফাংশন লিখুন যা প্রদত্ত স্ট্রিংগুলিতে k দ্বারা সংখ্যাসূচক মান বৃদ্ধি করে।
Exammple:
increment_numerics(lst, n)","def increment_numerics(lst, n):
    result = []
    for s in lst:
        if s.isdigit():
            new_val = int(s) + n
            result.append(str(new_val))
        else:
            result.append(s)
    return result
","""['assert increment_numerics([\""MSM\"", \""234\"", \""is\"", \""98\"", \""123\"", \""best\"", \""4\""] , 6) == [\\'MSM\\', \\'240\\', \\'is\\', \\'104\\', \\'129\\', \\'best\\', \\'10\\']', 'assert increment_numerics([\""Dart\"", \""356\"", \""is\"", \""88\"", \""169\"", \""Super\"", \""6\""] , 12) == [\\'Dart\\', \\'368\\', \\'is\\', \\'100\\', \\'181\\', \\'Super\\', \\'18\\']', 'assert increment_numerics([\""Flutter\"", \""451\"", \""is\"", \""44\"", \""96\"", \""Magnificent\"", \""12\""] , 33) == [\\'Flutter\\', \\'484\\', \\'is\\', \\'77\\', \\'129\\', \\'Magnificent\\', \\'45\\']']""","Write a function that increments the numeric values in the given strings by k.

Example:
increment_numerics(lst: list[str], n: int)
"
95,96,"একই আকারের দুটি সাজানো অ্যারের মধ্যমা খুঁজে বের করার জন্য একটি ফাংশন লিখুন।
Exammple:
get_median(lst, lst2, n)","def get_median(lst, lst2, n):
    merged = []
    i = j = 0
    while i < n and j < n:
        if lst[i] < lst2[j]:
            merged.append(lst[i])
            i += 1
        else:
            merged.append(lst2[j])
            j += 1
    while i < n:
        merged.append(lst[i])
        i += 1
    while j < n:
        merged.append(lst2[j])
        j += 1
    total = 2 * n
    mid = total // 2
    return (merged[mid - 1] + merged[mid]) / 2
","""['assert get_median([1, 12, 15, 26, 38], [2, 13, 17, 30, 45], 5) == 16.0', 'assert get_median([2, 4, 8, 9], [7, 13, 19, 28], 4) == 8.5', 'assert get_median([3, 6, 14, 23, 36, 42], [2, 18, 27, 39, 49, 55], 6) == 25.0']""","Write a function to find the median of two sorted arrays of the same size.

Example:
get_median(lst1, lst2)
"
96,97,"ল্যাম্বদা ফাংশন ব্যবহার করে একটি তালিকার পৃথক উপাদানগুলির n-তম শক্তি খুঁজে পেতে একটি ফাংশন লিখুন।
Exammple:
nth_nums(lst, n)","def nth_nums(lst, n):
    return list(map(lambda x: x ** n, lst))
","""['assert nth_nums([1, 2, 3, 4, 5, 6, 7, 8, 9, 10],2)==[1, 4, 9, 16, 25, 36, 49, 64, 81, 100]', 'assert nth_nums([10,20,30],3)==([1000, 8000, 27000])', 'assert nth_nums([12,15],5)==([248832, 759375])']""","Write a function that uses a lambda function to find the n-th power of the individual elements of a list.
Example:
def nth_nums(lst: list, n: int) -> list:
"
97,98,"প্রদত্ত স্ট্রিংকে বড় হাতের অক্ষরে রূপান্তর করতে একটি পাইথন ফাংশন লিখুন।
Exammple:
is_upper(s)","def is_upper(s):
    return s.upper()
","""['assert is_upper(\""person\"") ==\""PERSON\""', 'assert is_upper(\""final\"") == \""FINAL\""', 'assert is_upper(\""Valid\"") == \""VALID\""']""","Write a Python function to convert a given string to uppercase.

Example:

`is_upper(s: str) -> str`
"
98,99,"একটি প্রদত্ত তালিকার প্রথম এবং শেষ উপাদান বিনিময় করার জন্য একটি পাইথন ফাংশন লিখুন।
Exammple:
swap_List(lst)","def swap_List(lst):
    new_lst = list(lst)
    if new_lst:
        new_lst[0], new_lst[-1] = (new_lst[-1], new_lst[0])
    return new_lst
","""['assert swap_List([1,2,3]) == [3,2,1]', 'assert swap_List([1,2,3,4,4]) == [4,2,3,4,1]', 'assert swap_List([4,5,6]) == [6,5,4]']""","Write a Python function to swap the first and last elements of a given list.

Example:
swap_List(lst: list) -> list:
"
99,100,"একটি পাইথন ফাংশন লিখুন যাতে সেমি সার্কেলে যে বৃহত্তম ত্রিভুজটি লেখা যায় তা খুঁজে পাওয়া যায়।
Exammple:
triangle_area(n)","def triangle_area(n):
    if n < 0:
        return -1
    return n * n
","""['assert triangle_area(0) == 0', 'assert triangle_area(-1) == -1', 'assert triangle_area(2) == 4']""","Write a Python function to find the area of the largest triangle that can be inscribed in a semicircle.

Example:

def triangle_area(radius):
"
100,101,"প্রদত্ত অ্যারে থেকে ক্ষুদ্রতম অনুপস্থিত সংখ্যা খুঁজে পেতে একটি পাইথন ফাংশন লিখুন।
Exammple:
find_First_Missing(lst, n, n2)","def find_First_Missing(lst, n, n2):
    sub = lst[n:n2 + 1]
    present = set(sub)
    i = 0
    while True:
        if i not in present:
            return i
        i += 1
","""['assert find_First_Missing([0,1,2,3],0,3) == 4', 'assert find_First_Missing([0,1,2,6,9],0,4) == 3', 'assert find_First_Missing([2,3,5,8,9],0,4) == 0']""","Write a Python function to find the smallest missing positive integer from a given array.

Example:

find_First_Missing(lst: list[int], n: int, n2: int)
"
101,102,"প্রদত্ত স্ট্রিং-এর সমস্ত স্পেসকে অক্ষর * তালিকা আইটেম * তালিকা আইটেম * তালিকা আইটেম * তালিকা আইটেম '%20' দিয়ে প্রতিস্থাপনের জন্য একটি ফাংশন লিখুন।
Exammple:
replace_spaces(s)","def replace_spaces(s):
    return s.replace(' ', '%20')
","""['assert replace_spaces(\""My Name is Dawood\"") == \\'My%20Name%20is%20Dawood\\'', 'assert replace_spaces(\""I am a Programmer\"") == \\'I%20am%20a%20Programmer\\'', 'assert replace_spaces(\""I love Coding\"") == \\'I%20love%20Coding\\'']""","Write a function to replace all spaces in a given string with '%20'.

Example:
def replace_spaces(s: str) -> str:
"
102,103,"একটি মিশ্র তালিকা থেকে এমনকি সংখ্যা খুঁজে পেতে একটি পাইথন ফাংশন লিখুন।
Exammple:
Split(lst)","def Split(lst):
    return [x for x in lst if x % 2 == 0]
","""['assert Split([1,2,3,4,5]) == [2,4]', 'assert Split([4,5,6,7,8,0,1]) == [4,6,8,0]', 'assert Split ([8,12,15,19]) == [8,12]']""","Write a Python function to find the even numbers from a mixed list.

Example:

def find_even_numbers(lst: list) -> list:
"
103,104,"একটি ফাংশন লিখুন যা প্রদত্ত সমন্বয় টুপলের সমস্ত সংলগ্ন সমন্বয়গুলি বের করে।
Exammple:
get_coordinates(tup)","def get_coordinates(tup):
    x, y = (tup[0], tup[1])
    return [[a, b] for a in range(x - 1, x + 2) for b in range(y - 1, y + 2)]
","""['assert get_coordinates((3, 4)) == [[2, 3], [2, 4], [2, 5], [3, 3], [3, 4], [3, 5], [4, 3], [4, 4], [4, 5]]', 'assert get_coordinates((4, 5)) ==[[3, 4], [3, 5], [3, 6], [4, 4], [4, 5], [4, 6], [5, 4], [5, 5], [5, 6]]', 'assert get_coordinates((5, 6)) == [[4, 5], [4, 6], [4, 7], [5, 5], [5, 6], [5, 7], [6, 5], [6, 6], [6, 7]]']""","Write a function that extracts all contiguous combinations of coordinates from a given tuple of coordinates.

Example:

def get_coordinates(tup: tuple):
"
104,105,"রেজেক্স ব্যবহার করে একটি প্রদত্ত স্ট্রিংয়ে হোয়াইটস্পেসগুলিকে একটি আন্ডারস্কোর এবং বিপরীতভাবে প্রতিস্থাপনের জন্য একটি ফাংশন লিখুন।
Exammple:
replace_spaces(s)","import re

def replace_spaces(s):
    return re.sub('[ _]', lambda m: '_' if m.group() == ' ' else ' ', s)
","""[\""assert replace_spaces('Jumanji The Jungle') == 'Jumanji_The_Jungle'\"", \""assert replace_spaces('The Avengers') == 'The_Avengers'\"", \""assert replace_spaces('Fast and Furious') == 'Fast_and_Furious'\""]""","Write a function that uses regular expressions to replace whitespaces in a given string with underscores and vice versa.

Example:

```python
def replace_spaces(s: str) -> str:
```
"
105,106,"একটি পাইথন ফাংশন লিখুন যাতে সব শূন্যকে দেওয়া তালিকার শেষে সরানো যায়।
Exammple:
move_zero(lst)","def move_zero(lst):
    non_zeros = [x for x in lst if x != 0]
    return non_zeros + [0] * (len(lst) - len(non_zeros))
","""['assert move_zero([1,0,2,0,3,4]) == [1,2,3,4,0,0]', 'assert move_zero([2,3,2,0,0,4,0,5,0]) == [2,3,2,4,5,0,0,0,0]', 'assert move_zero([0,1,0,1,1]) == [1,1,1,0,0]']""","Write a Python function to move all zeros to the end of a given list.

Example:
move_zero(lst: list) -> list:
"
106,107,"প্রদত্ত অ্যারেতে সমস্ত সংখ্যার জোড়ার xor এর যোগফল খুঁজে পেতে একটি পাইথন ফাংশন লিখুন।
Exammple:
pair_OR_Sum(lst, n)","def pair_OR_Sum(lst, n):
    total = 0
    for i in range(n):
        for j in range(i + 1, n):
            total += lst[i] ^ lst[j]
    return total
","""['assert pair_OR_Sum([5,9,7,6],4) == 47', 'assert pair_OR_Sum([7,3,5],3) == 12', 'assert pair_OR_Sum([7,3],2) == 4']""","Write a Python function to find the sum of XORs of all pairs of numbers in a given array.
Example:
pair_OR_Sum(lst: list, n: int)
"
107,108,"প্রথম n টি সম সংখ্যাগুলির চতুর্থ ক্ষমতার যোগফল খুঁজে বের করার জন্য একটি পাইথন ফাংশন লিখুন।
Exammple:
even_Power_Sum(n)","def even_Power_Sum(n):
    total = 0
    for k in range(1, n + 1):
        total += (2 * k) ** 4
    return total
","""['assert even_Power_Sum(2) == 272', 'assert even_Power_Sum(3) == 1568', 'assert even_Power_Sum(4) == 5664']""","Write a Python function to find the sum of the fourth powers of the first n even numbers.

Example:
def even_Power_Sum(n):
"
108,109,"একটি ফাংশন লিখুন যাতে সবগুলো ভ্যালু এক হিপে ঢুকিয়ে দেওয়া হয় এবং তারপর ছোট ভ্যালুগুলো একের পর এক বের করে দেওয়া হয়।
Exammple:
heap_sort(lst)","import heapq

def heap_sort(lst):
    heap = list(lst)
    heapq.heapify(heap)
    sorted_lst = []
    while heap:
        sorted_lst.append(heapq.heappop(heap))
    return sorted_lst
","""['assert heap_sort([1, 3, 5, 7, 9, 2, 4, 6, 8, 0])==[0, 1, 2, 3, 4, 5, 6, 7, 8, 9]', 'assert heap_sort([25, 35, 22, 85, 14, 65, 75, 25, 58])==[14, 22, 25, 25, 35, 58, 65, 75, 85]', 'assert heap_sort( [7, 1, 9, 5])==[1,5,7,9]']""","Write a function that inserts all values into a heap and then extracts the smallest values one by one.

Example:
```python
def heap_sort(lst: list) -> list:
  # Implementation of heap sort goes here
  pass
```
"
109,110,"একটি চতুর্ভুজ সমীকরণের মূলগুলি একে অপরের প্রতিদ্বন্দ্বিতা কিনা তা পরীক্ষা করার জন্য একটি পাইথন ফাংশন লিখুন।
Exammple:
Check_Solution(n, n2, n3)","def Check_Solution(n, n2, n3):
    return 'Yes' if n3 == n else 'No'
","""['assert Check_Solution(2,0,2) == \""Yes\""', 'assert Check_Solution(2,-5,2) == \""Yes\""', 'assert Check_Solution(1,2,3) == \""No\""']""","Write a Python function to check if the roots of a quadratic equation are reciprocals of each other.

Example:
Check_Solution(a, b, c)
"
110,111,"একটি ফাংশন লিখুন যা দিয়ে চেক করা যায় যে প্রদত্ত পরিমাণে কোন লাভ এবং কোন ক্ষতি নেই
Exammple:
noprofit_noloss(n, n2)","def noprofit_noloss(n, n2):
    return n == n2
","""['assert noprofit_noloss(1500,1200)==False', 'assert noprofit_noloss(100,100)==True', 'assert noprofit_noloss(2000,5000)==False']""","Write a function to check if a given amount results in no profit and no loss.

Example:

def noprofit_noloss(n1, n2):
"
111,112,"বায়ু শীতলতা সূচক গণনা করার জন্য একটি ফাংশন লিখুন।
Exammple:
wind_chill(n, n2)","def wind_chill(n, n2):
    V = n
    T = n2
    v_pow = V ** 0.16
    wc = 13.12 + 0.6215 * T - 11.37 * v_pow + 0.3965 * T * v_pow
    return round(wc)
","""['assert wind_chill(120,35)==40', 'assert wind_chill(40,70)==86', 'assert wind_chill(10,100)==116']""","Write a function to calculate the wind chill index.
Example:
wind_chill(temperature, wind_speed)
"
112,113,"একটি ফাংশন লিখুন যা একটি নামের তালিকা থেকে ছোট অক্ষর দিয়ে শুরু হওয়া নামগুলি সরিয়ে দেওয়ার পরে নামের দৈর্ঘ্যের যোগফল দেয়।
Exammple:
sample_nam(lst)","def sample_nam(lst):
    return sum((len(name) for name in lst if name and name[0].isupper()))
","""[\""assert sample_nam(['sally', 'Dylan', 'rebecca', 'Diana', 'Joanne', 'keith'])==16\"", 'assert sample_nam([\""php\"", \""res\"", \""Python\"", \""abcd\"", \""Java\"", \""aaa\""])==10', 'assert sample_nam([\""abcd\"", \""Python\"", \""abba\"", \""aba\""])==6']""","Write a function that takes a list of names, removes the names that start with a lowercase letter, and then returns the sum of the lengths of the remaining names.

Example:

def sample_nam(lst: list) -> int:
"
113,114,"একটি স্ট্রিংয়ে বন্ধনী এলাকা অপসারণের জন্য একটি ফাংশন লিখুন।
Exammple:
remove_parenthesis(lst)","import re

def remove_parenthesis(lst):
    combined = ''.join(lst)
    return re.sub('\\(.*?\\)', '', combined).strip()
","""['assert remove_parenthesis([\""python (chrome)\""])==(\""python\"")', 'assert remove_parenthesis([\""string(.abc)\""])==(\""string\"")', 'assert remove_parenthesis([\""alpha(num)\""])==(\""alpha\"")']""","Write a function to remove parenthesized areas from a string.
Example:
remove_parenthesis(string)
"
114,115,"nth অ-অনুভূমিক সংখ্যা খুঁজে বের করার জন্য একটি ফাংশন লিখুন।
Exammple:
is_nonagonal(n)","def is_nonagonal(n):
    return n * (7 * n - 5) // 2
","""['assert is_nonagonal(10) == 325', 'assert is_nonagonal(15) == 750', 'assert is_nonagonal(18) == 1089']""","Write a function to find the nth nonagonal number.

Example:
def is_nonagonal(n):
"
115,116,"প্রদত্ত টিপল ম্যাট্রিক্স থেকে অনুরূপ সারিগুলি সরিয়ে ফেলার জন্য একটি ফাংশন লিখুন।
Exammple:
remove_similar_row(lst)","def remove_similar_row(lst):
    seen = {}
    for row in lst:
        row_tuple = tuple(row)
        key = tuple(sorted(row))
        seen[key] = row_tuple
    return set(seen.values())
","""['assert remove_similar_row([[(4, 5), (3, 2)], [(2, 2), (4, 6)], [(3, 2), (4, 5)]] ) == {((2, 2), (4, 6)), ((3, 2), (4, 5))}', 'assert remove_similar_row([[(5, 6), (4, 3)], [(3, 3), (5, 7)], [(4, 3), (5, 6)]] ) == {((4, 3), (5, 6)), ((3, 3), (5, 7))}', 'assert remove_similar_row([[(6, 7), (5, 4)], [(4, 4), (6, 8)], [(5, 4), (6, 7)]] ) =={((4, 4), (6, 8)), ((5, 4), (6, 7))}']""","Write a function to remove similar rows from a given tuple matrix.

Example:
def remove_similar_row(lst: list[tuple]) -> list[tuple]:
"
116,117,"এমন একটি ফাংশন লিখুন যা শব্দের শুরু বা শেষে নয়, 'z' যুক্ত একটি শব্দের সাথে মিলবে।
Exammple:
text_match_wordz_middle(s)","def text_match_wordz_middle(s):
    for word in s.split():
        if 'z' in word and word[0] != 'z' and (word[-1] != 'z'):
            return 'Found a match!'
    return 'Not matched!'
","""['assert text_match_wordz_middle(\""pythonzabc.\"")==(\\'Found a match!\\')', 'assert text_match_wordz_middle(\""xyzabc.\"")==(\\'Found a match!\\')', 'assert text_match_wordz_middle(\""  lang  .\"")==(\\'Not matched!\\')']""","Write a function that matches a word containing 'z', but not at the beginning or end of the word.

Example:

text_match_wordz_middle(s: str) -> bool:
"
117,118,"একটি প্রদত্ত অবস্থানে একটি অ্যারেকে বিপরীত করার জন্য একটি পাইথন ফাংশন লিখুন।
Exammple:
reverse_Array_Upto_K(lst, n)","def reverse_Array_Upto_K(lst, n):
    return lst[:n][::-1] + lst[n:]
","""['assert reverse_Array_Upto_K([1, 2, 3, 4, 5, 6],4) == [4, 3, 2, 1, 5, 6]', 'assert reverse_Array_Upto_K([4, 5, 6, 7], 2) == [5, 4, 6, 7]', 'assert reverse_Array_Upto_K([9, 8, 7, 6, 5],3) == [7, 8, 9, 6, 5]']""","Write a Python function to reverse an array up to a given position.

Example:
reverse_Array_Upto_K(lst, k)
"
118,119,"প্রদত্ত টুপলগুলিতে এটির kth সূচকের পণ্য খুঁজে বের করার জন্য একটি ফাংশন লিখুন।
Exammple:
find_k_product(lst, n)","def find_k_product(lst, n):
    product = 1
    for t in lst:
        product *= t[n]
    return product
","""['assert find_k_product([(5, 6, 7), (1, 3, 5), (8, 9, 19)], 2) == 665', 'assert find_k_product([(6, 7, 8), (2, 4, 6), (9, 10, 20)], 1) == 280', 'assert find_k_product([(7, 8, 9), (3, 5, 7), (10, 11, 21)], 0) == 210']""","Write a function to find the product of the kth index in the given tuples.

Example:
find_k_product(lst: list[tuple], k: int) -> int
"
119,120,"একটি পাইথন ফাংশন লিখুন যা n আকারের একটি ঘনক্ষেত্রে k আকারের ঘনক্ষেত্রের সংখ্যা গণনা করে।
Exammple:
No_of_cubes(n, n2)","def No_of_cubes(n, n2):
    if n2 > n:
        return 0
    return (n - n2 + 1) ** 3
","""['assert No_of_cubes(2,1) == 8', 'assert No_of_cubes(5,2) == 64', 'assert No_of_cubes(1,1) == 1']""","Write a Python function that counts the number of cubes of size *k* that fit within a cube of size *n*.

Example:

```python
def No_of_cubes(n, k):
```
"
120,121,"একটি স্ট্রিংকে বড় অক্ষরে বিভক্ত করার জন্য একটি ফাংশন লিখুন।
Exammple:
split_upperstring(s)","def split_upperstring(s):
    if not s:
        return []
    result = []
    start = 0
    for i in range(1, len(s)):
        if s[i].isupper():
            result.append(s[start:i])
            start = i
    result.append(s[start:])
    return result
","""['assert split_upperstring(\""PythonProgramLanguage\"")==[\\'Python\\',\\'Program\\',\\'Language\\']', 'assert split_upperstring(\""PythonProgram\"")==[\\'Python\\',\\'Program\\']', 'assert split_upperstring(\""ProgrammingLanguage\"")==[\\'Programming\\',\\'Language\\']']""","Write a function to split a string into uppercase characters.
Example:
split_upperstring(s: str) -> list[str]
"
121,122,"একটি প্রদত্ত তালিকায় প্রতিটি n-তম মানের অবস্থান (n+1) তম মান এবং (n+1) তম মানের সাথে n- তম মানের সাথে বিনিময় করার জন্য একটি ফাংশন লিখুন।
Exammple:
exchange_elements(lst)","def exchange_elements(lst):
    new_lst = []
    for i in range(0, len(lst), 2):
        if i + 1 < len(lst):
            new_lst.append(lst[i + 1])
            new_lst.append(lst[i])
        else:
            new_lst.append(lst[i])
    return new_lst
","""['assert exchange_elements([0,1,2,3,4,5])==[1, 0, 3, 2, 5, 4] ', 'assert exchange_elements([5,6,7,8,9,10])==[6,5,8,7,10,9] ', 'assert exchange_elements([25,35,45,55,75,95])==[35,25,55,45,95,75] ']""","Write a function to swap the positions of every n-th value with the (n+1)-th value in a given list.

Example:

def exchange_elements(lst: list):
"
122,123,"একটি নির্দিষ্ট পরিসরের সূচকের মধ্যে একটি তালিকার সংখ্যার যোগফল গণনা করার জন্য একটি পাইথন ফাংশন লিখুন।
Exammple:
sum_Range_list(lst, n, n2)","def sum_Range_list(lst, n, n2):
    return sum(lst[n:n2 + 1])
","""['assert sum_Range_list([2, 1, 5, 6, 8, 3, 4, 9, 10, 11, 8, 12],8,10) == 29', 'assert sum_Range_list([1,2,3,4,5],1,2) == 5', 'assert sum_Range_list([1,0,1,2,5,6],4,5) == 11']""","Write a Python function to calculate the sum of numbers in a list within a specified range of indices.

Example:
sum_range_list(lst: list[int], start_index: int, end_index: int) -> int:
"
123,124,"প্রদত্ত দুটি অ্যারে সমান কিনা তা পরীক্ষা করার জন্য একটি পাইথন ফাংশন লিখুন।
Exammple:
are_Equal(lst, lst2, n, n2)","def are_Equal(lst, lst2, n, n2):
    if n != n2:
        return False
    return sorted(lst) == sorted(lst2)
","""['assert are_Equal([1,2,3],[3,2,1],3,3) == True', 'assert are_Equal([1,1,1],[2,2,2],3,3) == False', 'assert are_Equal([8,9],[4,5,6],2,3) == False']""","Write a Python function to check if two given arrays are equal.

Example:
are_Equal(lst: list, lst2: list)
"
124,125,"একটি টিপল অন্য টিপলের উপসেট কিনা তা পরীক্ষা করার জন্য একটি ফাংশন লিখুন।
Exammple:
check_subset(tup, tup2)","def check_subset(tup, tup2):
    return set(tup2).issubset(set(tup))
","""['assert check_subset((10, 4, 5, 6), (5, 10)) == True', 'assert check_subset((1, 2, 3, 4), (5, 6)) == False', 'assert check_subset((7, 8, 9, 10), (10, 8)) == True']""","Write a function to check if one tuple is a subset of another tuple.

Example:
def check_subset(tup1, tup2):
"
125,126,"একটি ফাংশন লিখুন যাতে প্রদত্ত টিপল ম্যাট্রিক্সটি টিপল তালিকায় সমতল করা যায় যেখানে প্রতিটি টিপল প্রতিটি কলামকে প্রতিনিধিত্ব করে।
Exammple:
matrix_to_list(lst)","def matrix_to_list(lst):
    if not lst:
        return '[]'
    first_row = lst[0]
    if not first_row:
        return '[]'
    first_tuple = first_row[0]
    n_elements = len(first_tuple)
    result = []
    for i in range(n_elements):
        col = []
        for row in lst:
            for tpl in row:
                col.append(tpl[i])
        result.append(tuple(col))
    return str(result)
","""[\""assert matrix_to_list([[(4, 5), (7, 8)], [(10, 13), (18, 17)], [(0, 4), (10, 1)]]) == '[(4, 7, 10, 18, 0, 10), (5, 8, 13, 17, 4, 1)]'\"", \""assert matrix_to_list([[(5, 6), (8, 9)], [(11, 14), (19, 18)], [(1, 5), (11, 2)]]) == '[(5, 8, 11, 19, 1, 11), (6, 9, 14, 18, 5, 2)]'\"", \""assert matrix_to_list([[(6, 7), (9, 10)], [(12, 15), (20, 21)], [(23, 7), (15, 8)]]) == '[(6, 9, 12, 20, 23, 15), (7, 10, 15, 21, 7, 8)]'\""]""","Write a function that flattens a given tuple matrix into a list of tuples, where each tuple represents each column.
Example:
matrix_to_list(lst: tuple[tuple]) -> list[tuple]
"
126,127,"একটি ফাংশন লিখুন যা সংগ্রহ মডিউল ব্যবহার করে একটি কী-মান জোড়ার ক্রমকে একটি তালিকার অভিধানে গোষ্ঠীভুক্ত করে।
Exammple:
grouping_dictionary(lst)","from collections import defaultdict

def grouping_dictionary(lst):
    groups = defaultdict(list)
    for key, value in lst:
        groups[key].append(value)
    return dict(groups)
","""[\""assert grouping_dictionary([('yellow', 1), ('blue', 2), ('yellow', 3), ('blue', 4), ('red', 1)])== ({'yellow': [1, 3], 'blue': [2, 4], 'red': [1]})\"", \""assert grouping_dictionary([('yellow', 10), ('blue', 20), ('yellow', 30), ('blue', 40), ('red', 10)])== ({'yellow': [10, 30], 'blue': [20, 40], 'red': [10]})\"", \""assert grouping_dictionary([('yellow', 15), ('blue', 25), ('yellow', 35), ('blue', 45), ('red', 15)])== ({'yellow': [15, 35], 'blue': [25, 45], 'red': [15]})\""]""","Write a function that uses the `collections` module to group a sequence of key-value pairs into a list of dictionaries.

Example:

```python
def grouping_dictionary(lst: list[tuple]) -> list[dict]:
    # Function implementation here
    pass
```
"
127,128,"একটি আয়তক্ষেত্রের পরিধি খুঁজে বের করার জন্য একটি ফাংশন লিখুন।
Exammple:
rectangle_perimeter(n, n2)","def rectangle_perimeter(n, n2):
    return 2 * (n + n2)
","""['assert rectangle_perimeter(10,20)==60', 'assert rectangle_perimeter(10,5)==30', 'assert rectangle_perimeter(4,2)==12']""","Write a function to find the perimeter of a rectangle.
Example:
rectangle_perimeter(length, width)
"
128,129,"একটি পাইথন ফাংশন লিখুন যা n প্রাকৃতিক সংখ্যার পঞ্চম শক্তির যোগফল খুঁজে বের করবে।
Exammple:
fifth_Power_Sum(n)","def fifth_Power_Sum(n):
    return sum((i ** 5 for i in range(1, n + 1)))
","""['assert fifth_Power_Sum(2) == 33', 'assert fifth_Power_Sum(4) == 1300', 'assert fifth_Power_Sum(3) == 276']""","Write a Python function that will find the sum of the fifth powers of the first n natural numbers.

Example:

def fifth_Power_Sum(n):
"
129,130,"দুটি অ্যারের পরম পার্থক্যের সর্বনিম্ন যোগফল খুঁজে পেতে একটি পাইথন ফাংশন লিখুন।
Exammple:
find_Min_Sum(lst, lst2, n)","def find_Min_Sum(lst, lst2, n):
    sorted_lst = sorted(lst)
    sorted_lst2 = sorted(lst2)
    return sum((abs(a - b) for a, b in zip(sorted_lst, sorted_lst2)))
","""['assert find_Min_Sum([3,2,1],[2,1,3],3) == 0', 'assert find_Min_Sum([1,2,3],[4,5,6],3) == 9', 'assert find_Min_Sum([4,1,8,7],[2,3,6,5],4) == 6']""","Write a Python function to find the minimum sum of absolute differences between two arrays.

Example:
`find_Min_Sum(lst: list, lst2: list, n: int)`
"
130,131,"একটি প্রদত্ত সংখ্যার ফ্যাক্টরিয়ালের প্রথম অঙ্কটি খুঁজে পেতে একটি পাইথন ফাংশন লিখুন।
Exammple:
first_Digit(n)","import math

def first_Digit(n):
    if n == 0:
        return 1
    sum_log = 0.0
    for k in range(1, n + 1):
        sum_log += math.log10(k)
    fractional = sum_log - int(sum_log)
    return int(10 ** fractional)
","""['assert first_Digit(5) == 1', 'assert first_Digit(10) == 3', 'assert first_Digit(7) == 5']""","Write a Python function to find the first digit of the factorial of a given number.

Example:
def first_Digit(n):
"
131,132,"একটি প্রদত্ত তালিকায় সর্বোচ্চ সংখ্যক বার প্রদর্শিত আইটেমটি খুঁজে বের করার জন্য একটি ফাংশন লিখুন।
Exammple:
max_occurrences(lst)","def max_occurrences(lst):
    freq = {}
    for num in lst:
        freq[num] = freq.get(num, 0) + 1
    max_count = max(freq.values())
    for num in lst:
        if freq[num] == max_count:
            return num
","""['assert max_occurrences([2,3,8,4,7,9,8,2,6,5,1,6,1,2,3,4,6,9,1,2])==2', 'assert max_occurrences([1, 3,5, 7,1, 3,13, 15, 17,5, 7,9,1, 11])==1', 'assert max_occurrences([1, 2, 3,2, 4, 5,1, 1, 1])==1']""","Write a function to find the item that appears the maximum number of times in a given list.

Example:

def max_occurrences(lst: list) -> any:
"
132,133,"পূর্ণসংখ্যার তালিকা থেকে ডুপ্লিকেট মুদ্রণ করার জন্য একটি পাইথন ফাংশন লিখুন।
Exammple:
Repeat(lst)","def Repeat(lst):
    freq = {}
    for num in lst:
        freq[num] = freq.get(num, 0) + 1
    result = []
    seen = set()
    for num in lst:
        if freq[num] >= 2 and num not in seen:
            result.append(num)
            seen.add(num)
    return result
","""['assert Repeat([10, 20, 30, 20, 20, 30, 40, 50, -20, 60, 60, -20, -20]) == [20, 30, -20, 60]', 'assert Repeat([-1, 1, -1, 8]) == [-1]', 'assert Repeat([1, 2, 3, 1, 2,]) == [1, 2]']""","Write a Python function to print duplicates from a list of integers.

Example:

def repeat(lst: list[int]):
"
133,134,"একটি পাইথন ফাংশন লিখুন যাতে দুটি রেঞ্জের মধ্যে থেকে পয়েন্ট নির্বাচন করতে পারে যাতে উভয় রেঞ্জের মধ্যে কোন পয়েন্ট থাকে না।
Exammple:
find_Points(n, n2, n3, n4)","def find_Points(n, n2, n3, n4):
    return (min(n, n3), max(n2, n4))
","""['assert find_Points(5,10,1,5) == (1,10)', 'assert find_Points(3,5,7,9) == (3,9)', 'assert find_Points(1,5,2,8) == (1,8)']""","Write a Python function to select points between two ranges such that there are no points within both ranges.

Example:
```python
def find_Points(n1, n2, n3, n4):
```
"
134,135,"একটি ফাংশন লিখুন যাতে সর্বোচ্চ যোগফল পাওয়া যায় যা তিনটি পরপর উপাদান উপস্থিত না থাকলে গঠন করা যায়।
Exammple:
max_sum_of_three_consecutive(lst, n)","def max_sum_of_three_consecutive(lst, n):
    if n == 0:
        return 0
    if n == 1:
        return lst[0]
    prev0 = 0
    prev1 = lst[0]
    prev2 = float('-inf')
    for i in range(1, n):
        current0 = max(prev0, prev1, prev2)
        current1 = prev0 + lst[i]
        current2 = prev1 + lst[i]
        prev0, prev1, prev2 = (current0, current1, current2)
    return max(prev0, prev1, prev2)
","""['assert max_sum_of_three_consecutive([100, 1000, 100, 1000, 1], 5) == 2101', 'assert max_sum_of_three_consecutive([3000, 2000, 1000, 3, 10], 5) == 5013', 'assert max_sum_of_three_consecutive([1, 2, 3, 4, 5, 6, 7, 8], 8) == 27']""","Write a function that finds the maximum sum that can be formed from a list, with the constraint that no three consecutive elements are included in the sum.

Example:
def max_sum_of_three_consecutive(lst: list, n: int) -> int:
"
135,136,"একটি অভিধানে একটি তালিকা বাছাই করার জন্য একটি ফাংশন লিখুন।
Exammple:
sorted_dict(dct)","def sorted_dict(dct):
    return {k: sorted(v) for k, v in dct.items()}
","""[\""assert sorted_dict({'n1': [2, 3, 1], 'n2': [5, 1, 2], 'n3': [3, 2, 4]})=={'n1': [1, 2, 3], 'n2': [1, 2, 5], 'n3': [2, 3, 4]}\"", \""assert sorted_dict({'n1': [25,37,41], 'n2': [41,54,63], 'n3': [29,38,93]})=={'n1': [25, 37, 41], 'n2': [41, 54, 63], 'n3': [29, 38, 93]}\"", \""assert sorted_dict({'n1': [58,44,56], 'n2': [91,34,58], 'n3': [100,200,300]})=={'n1': [44, 56, 58], 'n2': [34, 58, 91], 'n3': [100, 200, 300]}\""]""","Write a function to sort a list of dictionaries.

Example:

sorted_dict(dct: list[dict]) -> list[dict]
"
136,137,"একটি ফাংশন লিখুন k এর বৃহত্তম সম্ভাব্য মান খুঁজে বের করতে যাতে k মডুলাস x হল y।
Exammple:
find_max_val(n, n2, n3)","def find_max_val(n, n2, n3):
    x = n2
    y = n3
    if y >= x or y > n:
        return -1
    return (n - y) // x * x + y
","""['assert find_max_val(15, 10, 5) == 15', 'assert find_max_val(187, 10, 5) == 185', 'assert find_max_val(16, 11, 1) == 12']""","Write a function to find the largest possible value of k such that k modulo x is equal to y.

Example:
find_max_val(x, y)
"
137,138,"একটি নির্দিষ্ট সংখ্যার মধ্যবর্তী সংখ্যার গড় খুঁজে বের করার জন্য একটি পাইথন ফাংশন লিখুন।
Exammple:
average_Even(n)","def average_Even(n):
    m = n if n % 2 == 0 else n - 1
    if m < 2:
        return 0
    return (2 + m) // 2
","""['assert average_Even(2) == 2', 'assert average_Even(4) == 3', 'assert average_Even(100) == 51']""","Write a Python function to find the average of even numbers within a given number.
Example:
def average_Even(n):
"
138,139,"প্রদত্ত তালিকার শেষে প্রথম উপাদান স্থানান্তর করতে একটি পাইথন ফাংশন লিখুন।
Exammple:
move_last(lst)","def move_last(lst):
    return lst[1:] + [lst[0]]
","""['assert move_last([1,2,3,4]) == [2,3,4,1]', 'assert move_last([2,3,4,1,5,0]) == [3,4,1,5,0,2]', 'assert move_last([5,4,3,2,1]) == [4,3,2,1,5]']""","Write a Python function to move the first element to the end of a given list.

Example:

```python
def move_last(lst: list):
    # Implementation here
```
"
139,140,"একটি স্ট্রিংয়ে অক্ষরের উপস্থিতি গণনা করার জন্য একটি ফাংশন লিখুন।
Exammple:
count_char(s, s2)","def count_char(s, s2):
    return s.count(s2)
","""['assert count_char(\""Python\"",\\'o\\')==1', 'assert count_char(\""little\"",\\'t\\')==2', 'assert count_char(\""assert\"",\\'s\\')==2']""","Write a function to count the occurrences of a character in a string.

Example:
count_char(string: str, char: str)
"
140,141,"স্ট্রিংয়ে স্বরবর্ণের সংখ্যা গণনা করার জন্য একটি পাইথন ফাংশন লিখুন।
Exammple:
Check_Vow(s, s2)","def Check_Vow(s, s2):
    vowels = set(s2)
    return sum((1 for c in s if c in vowels))
","""[\""assert Check_Vow('corner','AaEeIiOoUu') == 2\"", \""assert Check_Vow('valid','AaEeIiOoUu') == 2\"", \""assert Check_Vow('true','AaEeIiOoUu') ==2\""]""","Write a Python function to count the number of vowels in a string.

Example:
def Check_Vow(s):
"
141,142,"একটি পাইথন ফাংশন লিখুন যাতে অক্ষরের একাধিক উপস্থিতি একক দ্বারা প্রতিস্থাপিত হয়।
Exammple:
replace(s, s2)","def replace(s, s2):
    if not s:
        return ''
    result = [s[0]]
    prev_char = s[0]
    for char in s[1:]:
        if char != prev_char:
            result.append(char)
            prev_char = char
    return ''.join(result)
","""[\""assert replace('peep','e') == 'pep'\"", \""assert replace('Greek','e') == 'Grek'\"", \""assert replace('Moon','o') == 'Mon'\""]""","Write a Python function that replaces multiple occurrences of characters with a single occurrence.

Example:
replace(s: str, s2: str)
"
142,143,"রেজেক্স ব্যবহার করে প্রদত্ত আইপি ঠিকানাটি বৈধ কিনা তা পরীক্ষা করার জন্য একটি ফাংশন লিখুন।
Exammple:
check_IP(s)","import re

def check_IP(s):
    pattern = '^((25[0-5]|2[0-4]\\d|1\\d{2}|[1-9]\\d|\\d)\\.){3}(25[0-5]|2[0-4]\\d|1\\d{2}|[1-9]\\d|\\d)$'
    if re.fullmatch(pattern, s):
        return 'Valid IP address'
    else:
        return 'Invalid IP address'
","""['assert check_IP(\""192.168.0.1\"") == \\'Valid IP address\\'', 'assert check_IP(\""110.234.52.124\"") == \\'Valid IP address\\'', 'assert check_IP(\""366.1.2.2\"") == \\'Invalid IP address\\'']""","Write a function using regular expressions to check if a given IP address is valid.
Example:
def check_IP(s: str) -> bool:
"
143,144,"একটি সংখ্যা ক্রমের প্রবণতা হ্রাস পাচ্ছে কিনা তা পরীক্ষা করার জন্য একটি পাইথন ফাংশন লিখুন।
Exammple:
decreasing_trend(lst)","def decreasing_trend(lst):
    for i in range(len(lst) - 1):
        if lst[i] > lst[i + 1]:
            return False
    return True
","""['assert decreasing_trend([-4,-3,-2,-1]) == True', 'assert decreasing_trend([1,2,3]) == True', 'assert decreasing_trend([3,2,1]) == False']""","Write a Python function to check if a sequence of numbers is in decreasing trend.
Example:
def decreasing_trend(lst: list[int]) -> bool:
"
144,145,"ডানদিকে সবচেয়ে বেশি বিট সেট না করার জন্য একটি পাইথন ফাংশন লিখুন।
Exammple:
set_Right_most_Unset_Bit(n)","def set_Right_most_Unset_Bit(n):
    if n == 0:
        return 1
    max_bit = n.bit_length() - 1
    for pos in range(max_bit + 1):
        if not n & 1 << pos:
            return n | 1 << pos
    return n
","""['assert set_Right_most_Unset_Bit(21) == 23', 'assert set_Right_most_Unset_Bit(11) == 15', 'assert set_Right_most_Unset_Bit(15) == 15']""","Write a Python function to set the rightmost unset bit.

Example:
def set_Right_most_Unset_Bit(n: int) -> int:
"
145,146,"একটি ফাংশন লিখুন যাতে সর্বোচ্চ তিনটি সংখ্যা পাওয়া যায়।
Exammple:
max_of_three(n, n2, n3)","def max_of_three(n, n2, n3):
    return max(n, n2, n3)
","""['assert max_of_three(10,20,30)==30', 'assert max_of_three(55,47,39)==55', 'assert max_of_three(10,49,30)==49']""","Write a function to find the maximum of three numbers.

Example:
max_of_three(n1, n2, n3)
"
146,147,"একাধিক পূর্ণসংখ্যার একটি তালিকাকে একটি একক পূর্ণসংখ্যায় রূপান্তর করতে একটি পাইথন ফাংশন লিখুন।
Exammple:
convert(lst)","def convert(lst):
    return int(''.join((str(num) for num in lst)))
","""['assert convert([1,2,3]) == 123', 'assert convert([4,5,6]) == 456', 'assert convert([7,8,9]) == 789']""","Write a Python function to convert a list of multiple integers into a single integer.
Example:
convert(lst: list[int]) -> int
"
147,148,"একটি প্রদত্ত স্ট্রিং থেকে ডুপ্লিকেট শব্দ অপসারণের জন্য একটি ফাংশন লিখুন।
Exammple:
remove_duplicate(s)","def remove_duplicate(s):
    words = s.split()
    seen = set()
    result = []
    for word in words:
        if word not in seen:
            seen.add(word)
            result.append(word)
    return ' '.join(result)
","""['assert remove_duplicate(\""Python Exercises Practice Solution Exercises\"")==(\""Python Exercises Practice Solution\"")', 'assert remove_duplicate(\""Python Exercises Practice Solution Python\"")==(\""Python Exercises Practice Solution\"")', 'assert remove_duplicate(\""Python Exercises Practice Solution Practice\"")==(\""Python Exercises Practice Solution\"")']""","Write a function to remove duplicate words from a given string.

Example:

remove_duplicate(s: str) -> str
"
148,149,"দুটি পূর্ণসংখ্যার যোগ করার জন্য একটি ফাংশন লিখুন। তবে, যদি যোগফল প্রদত্ত পরিসরের মধ্যে থাকে তবে এটি 20 প্রদান করবে।
Exammple:
sum_nums(n, n2, n3, n4)","def sum_nums(n, n2, n3, n4):
    total = n + n2
    if n3 <= total <= n4:
        return 20
    return total
","""['assert sum_nums(2,10,11,20)==20', 'assert sum_nums(15,17,1,10)==32', 'assert sum_nums(10,15,5,30)==20']""","Write a function to add two integers. However, if the sum falls within a given range, it should return 20.

Example:
sum_nums(num1: int, num2: int)
"
149,150,"একটি ফাংশন লিখুন যা রেজেক্স ব্যবহার করে প্রদত্ত স্ট্রিং থেকে আলফানিউমেরিক অক্ষর ছাড়া অন্য সব কিছু সরিয়ে ফেলবে।
Exammple:
remove_extra_char(s)","import re

def remove_extra_char(s):
    return re.sub('[^a-zA-Z0-9]', '', s)
","""[\""assert remove_extra_char('**//Google Android// - 12. ') == 'GoogleAndroid12'\"", \""assert remove_extra_char('****//Google Flutter//*** - 36. ') == 'GoogleFlutter36'\"", \""assert remove_extra_char('**//Google Firebase// - 478. ') == 'GoogleFirebase478'\""]""","Write a function that removes everything from a given string except alphanumeric characters using regex.

Example:
def remove_extra_char(s: str) -> str:
"
150,151,"একটি ফাংশন লিখুন যাতে ত্রিভুজটি বৈধ কিনা তা পরীক্ষা করা যায়।
Exammple:
validity_triangle(n, n2, n3)","def validity_triangle(n, n2, n3):
    return (n > 0 and n2 > 0 and (n3 > 0)) and n + n2 + n3 == 180
","""['assert validity_triangle(60,50,90)==False', 'assert validity_triangle(45,75,60)==True', 'assert validity_triangle(30,50,100)==True']""","Write a function to check if a triangle is valid.

Example:

def validity_triangle(n1: int, n2: int, n3: int) -> bool:
"
151,152,"একটি প্রদত্ত স্ট্রিং থেকে স্পেস অপসারণের জন্য একটি পাইথন ফাংশন লিখুন।
Exammple:
remove_spaces(s)","def remove_spaces(s):
    return s.replace(' ', '')
","""['assert remove_spaces(\""a b c\"") == \""abc\""', 'assert remove_spaces(\""1 2 3\"") == \""123\""', 'assert remove_spaces(\"" b c\"") == \""bc\""']""","Write a Python function to remove spaces from a given string.

Example:
remove_spaces(s: str) -> str:
"
152,153,"একটি ফাংশন লিখুন যা ডিকশনারি কী এর উপাদানগুলিকে সূচক অনুসারে অ্যাক্সেস করে।
Exammple:
access_key(dct, n)","def access_key(dct, n):
    return list(dct.keys())[n]
","""[\""assert access_key({'physics': 80, 'math': 90, 'chemistry': 86},0)== 'physics'\"", \""assert access_key({'python':10, 'java': 20, 'C++':30},2)== 'C++'\"", \""assert access_key({'program':15,'computer':45},1)== 'computer'\""]""","Write a function that accesses the elements of a dictionary's keys by index.

Example:

```python
def access_key(dct: dict, n: int):
    # Function implementation here
    pass
```
"
153,154,"একটি সংখ্যা ক্রমের প্রবণতা বাড়ছে কিনা তা পরীক্ষা করার জন্য একটি পাইথন ফাংশন লিখুন।
Exammple:
increasing_trend(lst)","def increasing_trend(lst):
    for i in range(len(lst) - 1):
        if lst[i] >= lst[i + 1]:
            return False
    return True
","""['assert increasing_trend([1,2,3,4]) == True', 'assert increasing_trend([4,3,2,1]) == False', 'assert increasing_trend([0,1,4,9]) == True']""","Write a Python function to check if a sequence of numbers has an increasing trend.
Example:
```python
def increasing_trend(lst: list[int]) -> bool:
```
"
154,155,"একটি সংখ্যার ক্ষুদ্রতম অক্ষরের বিভাজক খুঁজে বের করার জন্য একটি পাইথন ফাংশন লিখুন।
Exammple:
smallest_Divisor(n)","def smallest_Divisor(n):
    if n % 2 == 0:
        return 2
    max_divisor = int(n ** 0.5) + 1
    for i in range(3, max_divisor, 2):
        if n % i == 0:
            return i
    return n
","""['assert smallest_Divisor(10) == 2', 'assert smallest_Divisor(25) == 5', 'assert smallest_Divisor(31) == 31']""","Write a Python function to find the smallest prime divisor of a number.

Example:
smallest_Divisor(n: int) -> int:
"
155,156,"মানচিত্র এবং ল্যাম্বদা ফাংশন ব্যবহার করে দুটি তালিকার গুণ করার জন্য একটি ফাংশন লিখুন।
Exammple:
mul_list(lst, lst2)","def mul_list(lst, lst2):
    return list(map(lambda x, y: x * y, lst, lst2))
","""['assert mul_list([1, 2, 3],[4,5,6])==[4,10,18]', 'assert mul_list([1,2],[3,4])==[3,8]', 'assert mul_list([90,120],[50,70])==[4500,8400]']""","Write a function to multiply two lists using map and a lambda function.

Example:
def mul_list(lst: list, lst2: list) -> list:
"
156,157,"একটি পাইথন ফাংশন লিখুন যা দিয়ে পরীক্ষা করা যায় যে, প্রদত্ত সংখ্যাটি দুইটি বর্গক্ষেত্রের যোগফল দ্বারা উপস্থাপিত হতে পারে কি না।
Exammple:
sum_Square(n)","import math

def sum_Square(n):
    """"""একটি পাইথন ফাংশন লিখুন যা দিয়ে পরিচালিত যে, প্রদত্ত সংখ্যাটি দুইটি বর্গক্ষেত্রের যোগফল দ্বারা উপস্থাপিত হতে পারে কি না।
    Translated: Write a Python function to check if a given number can be represented as the sum of two squares.""""""
    max_a = math.isqrt(n)
    for a in range(max_a + 1):
        rem = n - a * a
        if rem < 0:
            continue
        b = math.isqrt(rem)
        if b * b == rem:
            return True
    return False
","""['assert sum_Square(25) == True', 'assert sum_Square(24) == False', 'assert sum_Square(17) == True']""","Write a Python function to check if a given number can be represented as the sum of two squares.

Example:
def sum_Square(n):
"
157,158,"একটি পুনরাবৃত্ত স্ট্রিংয়ে অক্ষরের উপস্থিতি গণনা করার জন্য একটি পাইথন ফাংশন লিখুন।
Exammple:
count_Char(s, s2)","def count_Char(s, s2, n=10):
    # count in full string
    full_repeats = n // len(s)
    remainder = n % len(s)

    return s.count(s2) * full_repeats + s[:remainder].count(s2)

","""['assert count_Char(\""abcac\"",\\'a\\') == 4', 'assert count_Char(\""abca\"",\\'c\\') == 2', 'assert count_Char(\""aba\"",\\'a\\') == 7']""","Write a Python function to count the occurrences of a character in a repeated string.

Example:
count_Char(string: str, character: str)
"
158,159,"১ থেকে এন এর মধ্যে মৌলিক সংখ্যার যোগফল খুঁজে বের করার জন্য একটি পাইথন ফাংশন লিখুন।
Exammple:
sum_Of_Primes(n)","def sum_Of_Primes(n):

    def is_prime(k):
        if k <= 1:
            return False
        if k == 2:
            return True
        if k % 2 == 0:
            return False
        for i in range(3, int(k ** 0.5) + 1, 2):
            if k % i == 0:
                return False
        return True
    total = 0
    for num in range(2, n + 1):
        if is_prime(num):
            total += num
    return total
","""['assert sum_Of_Primes(10) == 17', 'assert sum_Of_Primes(20) == 77', 'assert sum_Of_Primes(5) == 10']""","Write a Python function to find the sum of prime numbers between 1 and n.

Example:

def sum_of_primes(n):
"
159,160,"প্রদত্ত তালিকার প্রতিটি উপাদানের ফ্রিকোয়েন্সি খুঁজে বের করার জন্য একটি ফাংশন লিখুন।
Exammple:
freq_element(tup)","def freq_element(tup):
    freq = {}
    for num in tup:
        freq[num] = freq.get(num, 0) + 1
    return str(freq)
","""[\""assert freq_element((4, 5, 4, 5, 6, 6, 5, 5, 4) ) == '{4: 3, 5: 4, 6: 2}'\"", \""assert freq_element((7, 8, 8, 9, 4, 7, 6, 5, 4) ) == '{7: 2, 8: 2, 9: 1, 4: 2, 6: 1, 5: 1}'\"", \""assert freq_element((1, 4, 3, 1, 4, 5, 2, 6, 2, 7) ) == '{1: 2, 4: 2, 3: 1, 5: 1, 2: 2, 6: 1, 7: 1}'\""]""","Write a function to find the frequency of each element in a given list.
Example:
freq_element(list_):
"
160,161,"পুনরাবৃত্তি ব্যবহার করে দুটি পূর্ণসংখ্যার বৃহত্তম সাধারণ বিভাজক (জিসিডি) খুঁজে বের করার জন্য একটি ফাংশন লিখুন।
Exammple:
recur_gcd(n, n2)","def recur_gcd(n, n2):
    if n2 == 0:
        return n
    return recur_gcd(n2, n % n2)
","""['assert recur_gcd(12,14) == 2', 'assert recur_gcd(13,17) == 1', 'assert recur_gcd(9, 3) == 3']""","Write a function to find the greatest common divisor (GCD) of two integers using recursion.

Example:
recur_gcd(a, b)
"
161,162,"একটি জটিল সংখ্যার দৈর্ঘ্য পেতে একটি ফাংশন লিখুন।
Exammple:
len_complex(n, n2)","def len_complex(n, n2):
    return (n ** 2 + n2 ** 2) ** 0.5
","""['assert len_complex(3,4)==5.0', 'assert len_complex(9,10)==13.45362404707371', 'assert len_complex(7,9)==11.40175425099138']""","Write a function to get the length (magnitude/absolute value) of a complex number.

Example:

len_complex(complex_number)
"
162,163,"## একটি ফাংশন লিখুন যাতে প্রদত্ত পূর্ণসংখ্যা অ্যারের জন্য অ্যারের শেষে পৌঁছানোর জন্য সর্বনিম্ন সংখ্যক লাফ খুঁজে পাওয়া যায় যেখানে প্রতিটি উপাদান সেই উপাদান থেকে এগিয়ে যেতে পারে এমন সর্বোচ্চ সংখ্যক পদক্ষেপের প্রতিনিধিত্ব করে। > ইন্ডেন্টড ব্লক > ইন্ডেন্টড ব্লক
Exammple:
min_jumps(lst, n)","def min_jumps(lst, n):
    if n <= 1:
        return 0
    jumps = 0
    current_end = 0
    farthest = 0
    for i in range(n - 1):
        farthest = max(farthest, i + lst[i])
        if i == current_end:
            jumps += 1
            current_end = farthest
            if farthest >= n - 1:
                return jumps
    return jumps if farthest >= n - 1 else -1
","""['assert min_jumps([1, 3, 6, 1, 0, 9], 6) == 3', 'assert min_jumps([1, 3, 5, 8, 9, 2, 6, 7, 6, 8, 9], 11) == 3', 'assert min_jumps([1, 1, 1, 1, 1, 1, 1, 1, 1, 1, 1], 11) == 10']""","Write a function to find the minimum number of jumps required to reach the end of a given integer array, where each element represents the maximum number of steps that can be taken forward from that element.

Example:

min_jumps(lst: list[int], n: int) -> int:
"
163,164,"একটি প্রদত্ত তালিকার পরপর সংখ্যাকে গুণ করার জন্য একটি ফাংশন লিখুন।
Exammple:
mul_consecutive_nums(lst)","def mul_consecutive_nums(lst):
    result = []
    for i in range(len(lst) - 1):
        result.append(lst[i] * lst[i + 1])
    return result
","""['assert mul_consecutive_nums([1, 1, 3, 4, 4, 5, 6, 7])==[1, 3, 12, 16, 20, 30, 42]', 'assert mul_consecutive_nums([4, 5, 8, 9, 6, 10])==[20, 40, 72, 54, 60]', 'assert mul_consecutive_nums([1, 2, 3, 4, 5, 6, 7, 8, 9, 10])==[2, 6, 12, 20, 30, 42, 56, 72, 90]']""","Write a function to multiply consecutive numbers in a given list.
Example:
mul_consecutive_nums(lst: list) -> list:
"
164,165,"প্রদত্ত টিপল তালিকার ২য় উপাদানগুলির উপর ভিত্তি করে 1ম উপাদানগুলিকে গ্রুপ করার জন্য একটি ফাংশন লিখুন।
Exammple:
group_element(lst)","def group_element(lst):
    groups = {}
    for first, second in lst:
        if second in groups:
            groups[second].append(first)
        else:
            groups[second] = [first]
    return groups
","""['assert group_element([(6, 5), (2, 7), (2, 5), (8, 7), (9, 8), (3, 7)]) == {5: [6, 2], 7: [2, 8, 3], 8: [9]}', 'assert group_element([(7, 6), (3, 8), (3, 6), (9, 8), (10, 9), (4, 8)]) == {6: [7, 3], 8: [3, 9, 4], 9: [10]}', 'assert group_element([(8, 7), (4, 9), (4, 7), (10, 9), (11, 10), (5, 9)]) == {7: [8, 4], 9: [4, 10, 5], 10: [11]}']""","Write a function to group the 1st elements of a given list of tuples based on the 2nd elements.

Example:
group_element(lst: list[tuple]) -> dict
"
165,166,"একটি প্রদত্ত সংখ্যার ফ্যাক্টরিয়ালের শেষ দুটি অঙ্ক খুঁজে পেতে একটি পাইথন ফাংশন লিখুন।
Exammple:
last_Two_Digits(n)","def last_Two_Digits(n):
    result = 1
    for i in range(1, n + 1):
        result = result * i % 100
    return result
","""['assert last_Two_Digits(7) == 40', 'assert last_Two_Digits(5) == 20', 'assert last_Two_Digits(2) == 2']""","Write a Python function to find the last two digits of the factorial of a given number.

Example:
last_Two_Digits(n: int) -> int:
"
166,167,"রেজেক্স ব্যবহার করে স্ট্রিংয়ে একাধিক স্পেস অপসারণের জন্য একটি ফাংশন লিখুন।
Exammple:
remove_multiple_spaces(s)","import re

def remove_multiple_spaces(s):
    return re.sub(' +', ' ', s).strip()
","""[\""assert remove_multiple_spaces('Google      Assistant') == 'Google Assistant'\"", \""assert remove_multiple_spaces('Quad      Core') == 'Quad Core'\"", \""assert remove_multiple_spaces('ChromeCast      Built-in') == 'ChromeCast Built-in'\""]""","Write a function to remove multiple spaces in a string using regular expressions.
Example:
def remove_multiple_spaces(s: str) -> str:
"
167,168,"প্রদত্ত অভিধানের মান থেকে অনন্য মান বের করার জন্য একটি ফাংশন লিখুন।
Exammple:
extract_unique(dct)","def extract_unique(dct):
    elements = []
    for v in dct.values():
        elements.extend(v)
    return sorted(set(elements))
","""[\""assert extract_unique({'msm' : [5, 6, 7, 8],'is' : [10, 11, 7, 5],'best' : [6, 12, 10, 8],'for' : [1, 2, 5]} ) == [1, 2, 5, 6, 7, 8, 10, 11, 12]\"", \""assert extract_unique({'Built' : [7, 1, 9, 4],'for' : [11, 21, 36, 14, 9],'ISP' : [4, 1, 21, 39, 47],'TV' : [1, 32, 38]} ) == [1, 4, 7, 9, 11, 14, 21, 32, 36, 38, 39, 47]\"", \""assert extract_unique({'F' : [11, 13, 14, 17],'A' : [12, 11, 15, 18],'N' : [19, 21, 15, 36],'G' : [37, 36, 35]}) == [11, 12, 13, 14, 15, 17, 18, 19, 21, 35, 36, 37]\""]""","Write a function to extract unique values from the values of a given dictionary.

Example:
extract_unique(dct: dict) -> set:
"
168,169,"দ্বিতীয় টিপলের প্রতিটি উপাদান প্রথম টিপলের সংশ্লিষ্ট সূচকের চেয়ে বড় কিনা তা পরীক্ষা করার জন্য একটি ফাংশন লিখুন।
Exammple:
check_greater(tup, tup2)","def check_greater(tup, tup2):
    for a, b in zip(tup, tup2):
        if b <= a:
            return False
    return True
","""['assert check_greater((10, 4, 5), (13, 5, 18)) == True', 'assert check_greater((1, 2, 3), (2, 1, 4)) == False', 'assert check_greater((4, 5, 6), (5, 6, 7)) == True']""","Write a function to check if each element of the second tuple is greater than the element at the corresponding index in the first tuple.

Example:

```python
def check_greater(tup1: tuple, tup2: tuple) -> bool:
```
"
169,170,"একটি ফাংশন লিখুন যা দুইটি তালিকাকে একসাথে সংযুক্ত করে।
Exammple:
zip_list(lst, lst2)","def zip_list(lst, lst2):
    return [a + b for a, b in zip(lst, lst2)]
","""['assert zip_list([[1, 3], [5, 7], [9, 11]] ,[[2, 4], [6, 8], [10, 12, 14]] )==[[1, 3, 2, 4], [5, 7, 6, 8], [9, 11, 10, 12, 14]]', 'assert zip_list([[1, 2], [3, 4], [5, 6]] ,[[7, 8], [9, 10], [11, 12]] )==[[1, 2, 7, 8], [3, 4, 9, 10], [5, 6, 11, 12]]', \""assert zip_list([['a','b'],['c','d']] , [['e','f'],['g','h']] )==[['a','b','e','f'],['c','d','g','h']]\""]""","Write a function that concatenates two lists together.

Example:

def zip_list(lst: list, lst2: list) -> list:
"
170,171,"ল্যাম্বদা ফাংশন ব্যবহার করে প্রদত্ত তালিকার সমসংখ্যক উপাদান খুঁজে বের করার জন্য একটি ফাংশন লিখুন।
Exammple:
count_even(lst)","def count_even(lst):
    return len(list(filter(lambda x: x % 2 == 0, lst)))
","""['assert count_even([1, 2, 3, 5, 7, 8, 9, 10])==3', 'assert count_even([10,15,14,13,-18,12,-20])==5', 'assert count_even([1, 2, 4, 8, 9])==3']""","Write a function to find the even numbers in a given list using a lambda function.

Example:
count_even(lst: list) -> int:
"
171,172,"একটি ফাংশন লিখুন যা একটি নির্দিষ্ট অভিধানের জন্য টিপল কীগুলির টুপল পণ্য দ্বারা অভিধানের আইটেমগুলি বাছাই করে।
Exammple:
sort_dict_item(dct)","def sort_dict_item(dct):
    items = list(dct.items())
    items.sort(key=lambda x: x[0][0] * x[0][1])
    return dict(items)
","""['assert sort_dict_item({(5, 6) : 3, (2, 3) : 9, (8, 4): 10, (6, 4): 12} ) == {(2, 3): 9, (6, 4): 12, (5, 6): 3, (8, 4): 10}', 'assert sort_dict_item({(6, 7) : 4, (3, 4) : 10, (9, 5): 11, (7, 5): 13} ) == {(3, 4): 10, (7, 5): 13, (6, 7): 4, (9, 5): 11}', 'assert sort_dict_item({(7, 8) : 5, (4, 5) : 11, (10, 6): 12, (8, 6): 14} ) == {(4, 5): 11, (8, 6): 14, (7, 8): 5, (10, 6): 12}']""","Write a function that sorts the items of a given dictionary by the tuple product of the tuple keys.

Example:

sort_dict_item(dct: dict) -> list[tuple]:
"
172,173,"একটি বাইনারি স্ট্রিংকে অন্য একটিতে রূপান্তর করতে প্রয়োজনীয় ন্যূনতম সংখ্যক সোয়্যাপের জন্য একটি পাইথন ফাংশন লিখুন।
Exammple:
min_Swaps(s, s2)","def min_Swaps(s, s2):
    if len(s) != len(s2):
        return 'Not Possible'
    if s.count('1') != s2.count('1'):
        return 'Not Possible'
    countA = 0
    countB = 0
    for a, b in zip(s, s2):
        if a != b:
            if a == '0' and b == '1':
                countA += 1
            else:
                countB += 1
    if countA != countB:
        return 'Not Possible'
    return countA
","""['assert min_Swaps(\""1101\"",\""1110\"") == 1', 'assert min_Swaps(\""1111\"",\""0100\"") == \""Not Possible\""', 'assert min_Swaps(\""1110000\"",\""0001101\"") == 3']""","Write a Python function to find the minimum number of swaps required to convert one binary string to another.

Example:

```python
def min_Swaps(s: str, s2: str) -> int:
  # Function implementation here
  pass
```
"
173,174,"একটি নির্দিষ্ট পরিসরের মধ্যে থাকা একটি তালিকার উপাদানগুলির সংখ্যা গণনা করার জন্য একটি ফাংশন লিখুন।
Exammple:
count_range_in_list(lst, n, n2)","def count_range_in_list(lst, n, n2):
    return sum((1 for x in lst if x >= n and x <= n2))
","""['assert count_range_in_list([10,20,30,40,40,40,70,80,99],40,100)==6', \""assert count_range_in_list(['a','b','c','d','e','f'],'a','e')==5\"", 'assert count_range_in_list([7,8,9,15,17,19,45],15,20)==3']""","Write a function to count the number of elements in a list that fall within a specified range.

Example:

def count_range_in_list(lst: list, min_val: int, max_val: int) -> int:
"
174,175,"প্রদত্ত অ্যারের ভারসাম্য সূচক খুঁজে পেতে একটি ফাংশন লিখুন।
Exammple:
equilibrium_index(lst)","def equilibrium_index(lst):
    total_sum = sum(lst)
    left_sum = 0
    for i in range(len(lst)):
        if left_sum == total_sum - left_sum - lst[i]:
            return i
        left_sum += lst[i]
    return -1
","""['assert equilibrium_index([1, 2, 3, 4, 1, 2, 3]) == 3', 'assert equilibrium_index([-7, 1, 5, 2, -4, 3, 0]) == 3', 'assert equilibrium_index([1, 2, 3]) == -1']""","Write a function to find the equilibrium index of a given array.
Example:
def equilibrium_index(lst: list[int]) -> int:
"
175,176,"এমন একটি ফাংশন লিখুন যাতে অ্যামাক্স-অ্যামিন <= কে এর মতো সরিয়ে ফেলা উচিত এমন উপাদানগুলির সর্বনিম্ন সংখ্যা খুঁজে পাওয়া যায়।
Exammple:
removals(lst, n, n2)","def removals(lst, n, n2):
    lst_sorted = sorted(lst)
    max_window = 0
    left = 0
    for right in range(len(lst_sorted)):
        while lst_sorted[right] - lst_sorted[left] > n2:
            left += 1
        current = right - left + 1
        if current > max_window:
            max_window = current
    return len(lst) - max_window
","""['assert removals([1, 3, 4, 9, 10,11, 12, 17, 20], 9, 4) == 5', 'assert removals([1, 5, 6, 2, 8], 5, 2) == 3', 'assert removals([1, 2, 3 ,4, 5, 6], 6, 3) == 2']""","Write a function to find the minimum number of elements to remove from a list such that the difference between the maximum and minimum remaining elements is less than or equal to a given value k.

Example:

```python
def removals(lst: list[int], k: int) -> int:
```
"
176,177,"একটি ফাংশন লিখুন যা দিয়ে যাচাই করা যায় যে প্রদত্ত কীটি অভিধানে আছে কি না।
Exammple:
is_key_present(dct, n)","def is_key_present(dct, n):
    return n in dct
","""['assert is_key_present({1: 10, 2: 20, 3: 30, 4: 40, 5: 50, 6: 60},5)==True', 'assert is_key_present({1: 10, 2: 20, 3: 30, 4: 40, 5: 50, 6: 60},6)==True', 'assert is_key_present({1: 10, 2: 20, 3: 30, 4: 40, 5: 50, 6: 60},10)==False']""","Write a function to verify if a given key exists in a dictionary.

Example:
is_key_present(dct: dict, key: any) -> bool
"
177,178,"n-1 এর হারমোনিক সমষ্টি গণনা করার জন্য একটি ফাংশন লিখুন।
Exammple:
harmonic_sum(n)","def harmonic_sum(n):
    total = 0.0
    for i in range(1, n + 1):
        total += 1.0 / i
    return total
","""['assert harmonic_sum(10)==2.9289682539682538', 'assert harmonic_sum(4)==2.083333333333333', 'assert harmonic_sum(7)==2.5928571428571425 ']""","Write a function to calculate the harmonic sum of n-1.

Example:

def harmonic_sum(n):
"
178,179,"একটি ফাংশন লিখুন যাতে তালিকাটি দৈর্ঘ্য এবং মান অনুযায়ী বাছাই করা যায়।
Exammple:
sort_sublists(lst)","def sort_sublists(lst):
    return sorted(lst, key=lambda x: (len(x), x))
","""['assert sort_sublists([[2], [0], [1, 3], [0, 7], [9, 11], [13, 15, 17]])==[[0], [2], [0, 7], [1, 3], [9, 11], [13, 15, 17]]', 'assert sort_sublists([[1], [2, 3], [4, 5, 6], [7], [10, 11]])==[[1], [7], [2, 3], [10, 11], [4, 5, 6]]', 'assert sort_sublists([[\""python\""],[\""java\"",\""C\"",\""C++\""],[\""DBMS\""],[\""SQL\"",\""HTML\""]])==[[\\'DBMS\\'], [\\'python\\'], [\\'SQL\\', \\'HTML\\'], [\\'java\\', \\'C\\', \\'C++\\']]']""","Write a function to sort a list of sublists by length and then by value.
Example:
def sort_sublists(lst: list[list]) -> list[list]:
"
179,180,"একটি অ্যারে অন্য অ্যারের উপসেট কিনা তা খুঁজে বের করার জন্য একটি ফাংশন লিখুন।
Exammple:
is_subset(lst, n, lst2, n2)","def is_subset(lst, n, lst2, n2):
    return set(lst2[:n2]).issubset(set(lst[:n]))
","""['assert is_subset([11, 1, 13, 21, 3, 7], 6, [11, 3, 7, 1], 4) == True', 'assert is_subset([1, 2, 3, 4, 5, 6], 6, [1, 2, 4], 3) == True', 'assert is_subset([10, 5, 2, 23, 19], 5, [19, 5, 3], 3) == False']""","Write a function to find out if one array is a subset of another array.
Example:
is_subset(lst1: list, lst2: list)
"
180,181,"১ থেকে এন পর্যন্ত মোট সেট বিট গণনা করার জন্য একটি পাইথন ফাংশন লিখুন।
Exammple:
count_Set_Bits(n)","def count_Set_Bits(n):
    total = 0
    for i in range(1, n + 1):
        total += bin(i).count('1')
    return total
","""['assert count_Set_Bits(16) == 33', 'assert count_Set_Bits(2) == 2', 'assert count_Set_Bits(14) == 28']""","Write a Python function to count the total set bits from 1 to n.

Example:
def count_Set_Bits(n):
"
181,182,"একটি স্ট্রিংকে একটি তালিকায় রূপান্তর করতে একটি পাইথন ফাংশন লিখুন।
Exammple:
Convert(s)","def Convert(s):
    return s.split()
","""[\""assert Convert('python program') == ['python','program']\"", \""assert Convert('Data Analysis') ==['Data','Analysis']\"", \""assert Convert('Hadoop Training') == ['Hadoop','Training']\""]""","Write a Python function to convert a string into a list.

Example:

```python
def convert_string_to_list(s):
  # function implementation here
  pass
```
"
182,183,"একটি ফাংশন লিখুন যাতে টিপলটিতে উপস্থিত প্রতিটি মানের জন্য অনন্য কী গণনা করা যায়।
Exammple:
get_unique(lst)","def get_unique(lst):
    counts = {}
    for tpl in lst:
        key = tpl[1]
        counts[key] = counts.get(key, 0) + 1
    items = [f'{k}: {v}' for k, v in counts.items()]
    return '{' + ', '.join(items) + '}'
","""[\""assert get_unique([(3, 4), (1, 2), (2, 4), (8, 2), (7, 2), (8, 1), (9, 1), (8, 4), (10, 4)] ) == '{4: 4, 2: 3, 1: 2}'\"", \""assert get_unique([(4, 5), (2, 3), (3, 5), (9, 3), (8, 3), (9, 2), (10, 2), (9, 5), (11, 5)] ) == '{5: 4, 3: 3, 2: 2}'\"", \""assert get_unique([(6, 5), (3, 4), (2, 6), (11, 1), (8, 22), (8, 11), (4, 3), (14, 3), (11, 6)] ) == '{5: 1, 4: 1, 6: 2, 1: 1, 22: 1, 11: 1, 3: 2}'\""]""","Write a function that calculates unique keys for each value present in a tuple.

Example:

def get_unique(lst):
"
183,184,"প্রদত্ত টিউপল রেকর্ডের প্রাথমিক এবং শেষ ডেটা অ্যাক্সেস করার জন্য একটি ফাংশন লিখুন।
Exammple:
front_and_rear(tup)","def front_and_rear(tup):
    return (tup[0], tup[-1])
","""['assert front_and_rear((10, 4, 5, 6, 7)) == (10, 7)', 'assert front_and_rear((1, 2, 3, 4, 5)) == (1, 5)', 'assert front_and_rear((6, 7, 8, 9, 10)) == (6, 10)']""","Write a function to access the first and last data of a given tuple record.

Example:

def front_and_rear(tup: tuple):
"
184,185,"একটি পাইথন ফাংশন লিখুন যা পরীক্ষা করে যে একটি সংখ্যার অক্ষরগুলির গুণফল এমনকি এবং অদ্ভুত স্থানে সমান কিনা।
Exammple:
product_Equal(n)","def product_Equal(n):
    digits = [int(c) for c in str(n)]
    product_odd = 1
    product_even = 1
    for i in range(len(digits)):
        if (i + 1) % 2 == 1:
            product_odd *= digits[i]
        else:
            product_even *= digits[i]
    return product_odd == product_even
","""['assert product_Equal(2841) == True', 'assert product_Equal(1234) == False', 'assert product_Equal(1212) == False']""","Write a Python function that checks if the product of digits at even and odd positions of a number are equal.

Example:

def product_Equal(n: int) -> bool:
"
185,186,"একটি ফাংশন লিখুন যা তালিকা থেকে ডুপ্লিকেট অপসারণ করে।
Exammple:
remove_duplicate(lst)","def remove_duplicate(lst):
    result = []
    for elem in lst:
        if elem not in result:
            result.append(elem)
    result.sort(key=lambda x: x[0] if isinstance(x, (list, tuple)) else x)
    return result
","""['assert remove_duplicate([[10, 20], [40], [30, 56, 25], [10, 20], [33], [40]])==[[10, 20], [30, 56, 25], [33], [40]] ', 'assert remove_duplicate([\""a\"", \""b\"", \""a\"", \""c\"", \""c\""] )==[\""a\"", \""b\"", \""c\""]', 'assert remove_duplicate([1, 3, 5, 6, 3, 5, 6, 1] )==[1, 3, 5, 6]']""","Write a function that removes duplicates from a list.
Example:
def remove_duplicate(lst: list) -> list:
"
186,187,"প্রদত্ত টিউপলে সমস্ত বৈধ মান রয়েছে কিনা তা পরীক্ষা করার জন্য একটি ফাংশন লিখুন।
Exammple:
check_valid(tup)","def check_valid(tup):
    return all(tup)
","""['assert check_valid((True, True, True, True) ) == True', 'assert check_valid((True, False, True, True) ) == False', 'assert check_valid((True, True, True, True) ) == True']""","Write a function to check if all the values in a given tuple are valid.

Example:

def check_valid(tup: tuple) -> bool:
"
187,188,"একটি পাইথন ফাংশন লিখুন যা প্রদত্ত সংখ্যার প্রধান ফ্যাক্টরের স্বতন্ত্র শক্তির সংখ্যা গণনা করে।
Exammple:
count_Fac(n)","def count_Fac(n):
    if n < 1:
        return 0
    sum_exp = 0
    current = n
    i = 2
    while i * i <= current:
        if current % i == 0:
            count = 0
            while current % i == 0:
                count += 1
                current = current // i
            sum_exp += count
        i += 1
    if current > 1:
        sum_exp += 1
    return sum_exp - 1
","""['assert count_Fac(24) == 3', 'assert count_Fac(12) == 2', 'assert count_Fac(4) == 1']""","Write a Python function that counts the number of distinct powers of prime factors of a given number.
Example:
count_Fac(n: int) -> int
"
188,189,"একটি ফাংশন লিখুন যা পূর্ণসংখ্যার প্রদত্ত স্ট্রিংকে একটি টিপলে রূপান্তর করে।
Exammple:
str_to_tuple(s)","def str_to_tuple(s):
    return tuple((int(part.strip()) for part in s.split(',')))
","""['assert str_to_tuple(\""1, -5, 4, 6, 7\"") == (1, -5, 4, 6, 7)', 'assert str_to_tuple(\""1, 2, 3, 4, 5\"") == (1, 2, 3, 4, 5)', 'assert str_to_tuple(\""4, 6, 9, 11, 13, 14\"") == (4, 6, 9, 11, 13, 14)']""","Write a function that converts a given string of integers into a tuple.

Example:

str_to_tuple(s)
"
189,190,"একটি রম্বসের পরিধি খুঁজে বের করার জন্য একটি ফাংশন লিখুন।
Exammple:
rombus_perimeter(n)","def rombus_perimeter(n):
    return 4 * n
","""['assert rombus_perimeter(10)==40', 'assert rombus_perimeter(5)==20', 'assert rombus_perimeter(4)==16']""","Write a function to find the perimeter of a rhombus.

Example:

def rhombus_perimeter(side_length):
"
190,191,"স্ট্যান্ডার্ড ডিভিয়েশন গণনা করার জন্য একটি ফাংশন লিখুন।
Exammple:
sd_calc(lst)","import math

def sd_calc(lst):
    n = len(lst)
    mean = sum(lst) / n
    sum_sq_diff = sum(((x - mean) ** 2 for x in lst))
    variance = sum_sq_diff / (n - 1)
    return math.sqrt(variance)
","""['assert sd_calc([4, 2, 5, 8, 6])== 2.23606797749979', 'assert sd_calc([1,2,3,4,5,6,7])==2.160246899469287', 'assert sd_calc([5,9,10,15,6,4])==4.070217029430577']""","Write a function to calculate the standard deviation.

Example:

sd_calc(lst: list[float]) -> float:
"
191,192,"একটি তালিকা তৈরি করতে একটি ফাংশন লিখুন যা অন্য তালিকা থেকে বিকল্প উপাদান গ্রহণ করে।
Exammple:
alternate_elements(lst)","def alternate_elements(lst):
    return [lst[i] for i in range(0, len(lst), 2)]
","""['assert alternate_elements([\""red\"", \""black\"", \""white\"", \""green\"", \""orange\""])==[\\'red\\', \\'white\\', \\'orange\\']', 'assert alternate_elements([2, 0, 3, 4, 0, 2, 8, 3, 4, 2])==[2, 3, 0, 8, 4]', 'assert alternate_elements([1, 2, 3, 4, 5, 6, 7, 8, 9, 10])==[1,3,5,7,9]']""","Write a function to create a list that takes alternate elements from another list.

Example:
alternate_elements(lst: list) -> list
"
192,193,"একটি ফাংশন লিখুন যা একটি স্ট্রিংয়ের সাথে মিলে যায় যার মধ্যে একটি a এর পরে শূন্য বা আরও b রয়েছে।
Exammple:
text_match(s)","import re

def text_match(s):
    if re.search('a[b]*', s):
        return 'Found a match!'
    else:
        return 'Not matched!'
","""['assert text_match(\""ac\"")==(\\'Found a match!\\')', 'assert text_match(\""dc\"")==(\\'Not matched!\\')', 'assert text_match(\""abba\"")==(\\'Found a match!\\')']""","Write a function that matches a string containing an 'a' followed by zero or more 'b's.

Example:

def text_match(s: str) -> bool:
"
193,194,"একটি ফাংশন লিখুন যাতে টিপলটিতে একটি অভিধান যোগ করা যায়।
Exammple:
add_dict_to_tuple(tup, dct)","def add_dict_to_tuple(tup, dct):
    return tup + (dct,)
","""['assert add_dict_to_tuple((4, 5, 6), {\""MSAM\"" : 1, \""is\"" : 2, \""best\"" : 3} ) == (4, 5, 6, {\\'MSAM\\': 1, \\'is\\': 2, \\'best\\': 3})', 'assert add_dict_to_tuple((1, 2, 3), {\""UTS\"" : 2, \""is\"" : 3, \""Worst\"" : 4} ) == (1, 2, 3, {\\'UTS\\': 2, \\'is\\': 3, \\'Worst\\': 4})', 'assert add_dict_to_tuple((8, 9, 10), {\""POS\"" : 3, \""is\"" : 4, \""Okay\"" : 5} ) == (8, 9, 10, {\\'POS\\': 3, \\'is\\': 4, \\'Okay\\': 5})']""","Write a function that adds a dictionary to a tuple.

Example:

def add_dict_to_tuple(tup: tuple, dct: dict) -> tuple:
"
194,195,"একটি ফাংশন লিখুন যা n*n আকারের প্রদত্ত বর্গক্ষেত্র ম্যাট্রিক্সের জন্য সমস্ত বিদ্যমান পথের সর্বাধিক গড়ের সাথে একটি পথ খুঁজে বের করে।
Exammple:
maxAverageOfPath(lst, n)","def maxAverageOfPath(lst, n):
    dp = [[0] * n for _ in range(n)]
    dp[0][0] = lst[0][0]
    for j in range(1, n):
        dp[0][j] = dp[0][j - 1] + lst[0][j]
    for i in range(1, n):
        dp[i][0] = dp[i - 1][0] + lst[i][0]
    for i in range(1, n):
        for j in range(1, n):
            dp[i][j] = max(dp[i - 1][j], dp[i][j - 1]) + lst[i][j]
    return dp[n - 1][n - 1] / (2 * n - 1)
","""['assert maxAverageOfPath([[1, 2, 3], [6, 5, 4], [7, 3, 9]], 3) == 5.2', 'assert maxAverageOfPath([[2, 3, 4], [7, 6, 5], [8, 4, 10]], 3) == 6.2', 'assert maxAverageOfPath([[3, 4, 5], [8, 7, 6], [9, 5, 11]], 3) == 7.2 ']""","Write a function that finds a path with the maximum average among all possible paths for a given square matrix of size n*n.
Example:
maxAverageOfPath(lst: list[list[int]], n: int)
"
195,196,"একটি ফাংশন লিখুন যা শিক্ষার্থীদের উচ্চতা এবং প্রস্থ ফিল্টার করে যা একটি অভিধানে সংরক্ষিত থাকে।
Exammple:
filter_data(dct, n, n2)","def filter_data(dct, n, n2):
    result = {}
    for name, (height, width) in dct.items():
        if height >= n and width >= n2:
            result[name] = (height, width)
    return result
","""[\""assert filter_data({'Cierra Vega': (6.2, 70), 'Alden Cantrell': (5.9, 65), 'Kierra Gentry': (6.0, 68), 'Pierre Cox': (5.8, 66)},6.0,70)=={'Cierra Vega': (6.2, 70)}\"", \""assert filter_data({'Cierra Vega': (6.2, 70), 'Alden Cantrell': (5.9, 65), 'Kierra Gentry': (6.0, 68), 'Pierre Cox': (5.8, 66)},5.9,67)=={'Cierra Vega': (6.2, 70),'Kierra Gentry': (6.0, 68)}\"", \""assert filter_data({'Cierra Vega': (6.2, 70), 'Alden Cantrell': (5.9, 65), 'Kierra Gentry': (6.0, 68), 'Pierre Cox': (5.8, 66)},5.7,64)=={'Cierra Vega': (6.2, 70),'Alden Cantrell': (5.9, 65),'Kierra Gentry': (6.0, 68),'Pierre Cox': (5.8, 66)}\""]""","Write a function that filters the heights and widths of students which are stored in a dictionary.

Example:

def filter_data(dct: dict, height: int, width: int):
"
196,197,"মানচিত্র ফাংশন ব্যবহার করে দুটি তালিকায় একই জোড়া গণনা করার জন্য একটি ফাংশন লিখুন।
Exammple:
count_same_pair(lst, lst2)","def count_same_pair(lst, lst2):
    return sum(map(lambda x: 1 if x[0] == x[1] else 0, zip(lst, lst2)))
","""['assert count_same_pair([1, 2, 3, 4, 5, 6, 7, 8],[2, 2, 3, 1, 2, 6, 7, 9])==4', 'assert count_same_pair([0, 1, 2, -1, -5, 6, 0, -3, -2, 3, 4, 6, 8],[2, 1, 2, -1, -5, 6, 4, -3, -2, 3, 4, 6, 8])==11', 'assert count_same_pair([2, 4, -6, -9, 11, -12, 14, -5, 17],[2, 1, 2, -1, -5, 6, 4, -3, -2, 3, 4, 6, 8])==1']""","Write a function to count the number of identical pairs in two lists using the `map` function.
Example:
```python
def count_same_pair(lst, lst2):
```
"
197,198,"একটি ফাংশন লিখুন যা বেসের সমস্ত অঙ্কের যোগফলকে নির্দিষ্ট শক্তিতে গণনা করে।
Exammple:
power_base_sum(n, n2)","def power_base_sum(n, n2):
    number = n ** n2
    return sum((int(digit) for digit in str(number)))
","""['assert power_base_sum(2,100)==115', 'assert power_base_sum(8,10)==37', 'assert power_base_sum(8,15)==62']""","Write a function that calculates the sum of all the digits of a base raised to a given power.

Example:
power_base_sum(base, exponent)
"
198,199,"রেজেক্স ব্যবহার করে প্রদত্ত স্ট্রিংয়ের উদ্ধৃতি চিহ্নের মধ্যে মানগুলি বের করার জন্য একটি ফাংশন লিখুন।
Exammple:
extract_quotation(s)","import re

def extract_quotation(s):
    return re.findall('""([^""]*)""', s)
","""['assert extract_quotation(\\'Cortex \""A53\"" Based \""multi\"" tasking \""Processor\""\\') == [\\'A53\\', \\'multi\\', \\'Processor\\']', 'assert extract_quotation(\\'Cast your \""favorite\"" entertainment \""apps\""\\') == [\\'favorite\\', \\'apps\\']', 'assert extract_quotation(\\'Watch content \""4k Ultra HD\"" resolution with \""HDR 10\"" Support\\') == [\\'4k Ultra HD\\', \\'HDR 10\\']']""","Write a function to extract the values within quotation marks from a given string using regular expressions.

Example:

extract_quotation(s: str) -> list:
"
199,200,"প্রদত্ত টিপলের সংলগ্ন উপাদানগুলিকে গুণ করার জন্য একটি ফাংশন লিখুন।
Exammple:
multiply_elements(tup)","def multiply_elements(tup):
    result = []
    for i in range(len(tup) - 1):
        result.append(tup[i] * tup[i + 1])
    return tuple(result)
","""['assert multiply_elements((1, 5, 7, 8, 10)) == (5, 35, 56, 80)', 'assert multiply_elements((2, 4, 5, 6, 7)) == (8, 20, 30, 42)', 'assert multiply_elements((12, 13, 14, 9, 15)) == (156, 182, 126, 135)']""","Write a function to multiply adjacent elements of a given tuple.
Example:
def multiply_elements(tup):
"
200,201,"রেজেক্স ব্যবহার করে অক্ষর এবং সংখ্যা ছাড়া সমস্ত অক্ষর সরানোর জন্য একটি ফাংশন লিখুন
Exammple:
remove_char(s)","import re

def remove_char(s):
    return re.sub('[^a-zA-Z0-9]', '', s)
","""['assert remove_char(\""123abcjw:, .@! eiw\"") == \\'123abcjweiw\\'', 'assert remove_char(\""Hello1234:, ! Howare33u\"") == \\'Hello1234Howare33u\\'', 'assert remove_char(\""Cool543Triks@:, Make@987Trips\"") == \\'Cool543TriksMake987Trips\\' ']""","Write a function to remove all characters except letters and numbers using regular expressions.

Example:

def remove_char(s: str) -> str:
"
201,202,"দুটি তালিকার উপাদান যোগ করার জন্য একটি ফাংশন লিখুন।
Exammple:
sum_list(lst, lst2)","def sum_list(lst, lst2):
    return [a + b for a, b in zip(lst, lst2)]
","""['assert sum_list([10,20,30],[15,25,35])==[25,45,65]', 'assert sum_list([1,2,3],[5,6,7])==[6,8,10]', 'assert sum_list([15,20,30],[15,45,75])==[30,65,105]']""","Write a function to add the elements of two lists.
Example:
def sum_list(lst: list, lst2: list) -> list:
"
202,203,"মানচিত্র এবং ল্যাম্বদা ফাংশন ব্যবহার করে দুটি তালিকা যোগ করার জন্য একটি ফাংশন লিখুন।
Exammple:
add_list(lst, lst2)","def add_list(lst, lst2):
    return list(map(lambda a, b: a + b, lst, lst2))
","""['assert add_list([1, 2, 3],[4,5,6])==[5, 7, 9]', 'assert add_list([1,2],[3,4])==[4,6]', 'assert add_list([10,20],[50,70])==[60,90]']""","Write a function to add two lists using the `map` and `lambda` functions.

Example:

```python
def add_list(lst1, lst2):
```
"
203,204,"একটি প্রদত্ত তালিকার পরপর ডুপ্লিকেট অপসারণের জন্য একটি ফাংশন লিখুন।
Exammple:
consecutive_duplicates(lst)","def consecutive_duplicates(lst):
    if not lst:
        return []
    result = [lst[0]]
    for elem in lst[1:]:
        if elem != result[-1]:
            result.append(elem)
    return result
","""['assert consecutive_duplicates([0, 0, 1, 2, 3, 4, 4, 5, 6, 6, 6, 7, 8, 9, 4, 4 ])==[0, 1, 2, 3, 4, 5, 6, 7, 8, 9, 4]', 'assert consecutive_duplicates([10, 10, 15, 19, 18, 18, 17, 26, 26, 17, 18, 10])==[10, 15, 19, 18, 17, 26, 17, 18, 10]', \""assert consecutive_duplicates(['a', 'a', 'b', 'c', 'd', 'd'])==['a', 'b', 'c', 'd']\""]""","Write a function to remove consecutive duplicates from a given list.

Example:

consecutive_duplicates(lst: list) -> list:
"
204,205,"একটি শঙ্কুর পার্শ্বীয় পৃষ্ঠতল এলাকা খুঁজে পেতে একটি ফাংশন লিখুন।
Exammple:
lateralsurface_cone(n, n2)","import math

def lateralsurface_cone(n, n2):
    r = n
    h = n2
    l = math.sqrt(r ** 2 + h ** 2)
    return math.pi * r * l
","""['assert lateralsurface_cone(5,12)==204.20352248333654', 'assert lateralsurface_cone(10,15)==566.3586699569488', 'assert lateralsurface_cone(19,17)==1521.8090132193388']""","Write a function to find the lateral surface area of a cone.

Example:
lateralsurface_cone(radius, slant_height)
"
205,206,"একটি ফাংশন লিখুন যাতে স্পেস, কমা বা বিন্দুগুলির সমস্ত ঘটনাকে একটি কলোনে প্রতিস্থাপন করা যায়।
Exammple:
replace_specialchar(s)","import re

def replace_specialchar(s):
    return re.sub('[ ,.]', ':', s)
","""[\""assert replace_specialchar('Python language, Programming language.')==('Python:language::Programming:language:')\"", \""assert replace_specialchar('a b c,d e f')==('a:b:c:d:e:f')\"", \""assert replace_specialchar('ram reshma,ram rahim')==('ram:reshma:ram:rahim')\""]""","Write a function that replaces all occurrences of spaces, commas, or periods in a given string with colons.

Example:

def replace_specialchar(s: str) -> str:
"
206,207,"একটি সাজানো অ্যারেতে প্রদত্ত সংখ্যার প্রথম উপস্থিতির সূচক খুঁজে পেতে একটি ফাংশন লিখুন।
Exammple:
find_first_occurrence(lst, n)","def find_first_occurrence(lst, n):
    left = 0
    right = len(lst) - 1
    res = -1
    while left <= right:
        mid = (left + right) // 2
        if lst[mid] == n:
            res = mid
            right = mid - 1
        elif lst[mid] < n:
            left = mid + 1
        else:
            right = mid - 1
    return res
","""['assert find_first_occurrence([2, 5, 5, 5, 6, 6, 8, 9, 9, 9], 5) == 1', 'assert find_first_occurrence([2, 3, 5, 5, 6, 6, 8, 9, 9, 9], 5) == 2', 'assert find_first_occurrence([2, 4, 1, 5, 6, 6, 8, 9, 9, 9], 6) == 4']""","Write a function to find the index of the first occurrence of a given number in a sorted array.

Example:

```python
def find_first_occurrence(lst: list, n: int) -> int:
```
"
207,208,"একটি পাইথন ফাংশন লিখুন যাতে সব সম্ভাব্য সাব-রে এর উৎপাদিতের যোগফল পাওয়া যায়।
Exammple:
sum_Of_Subarray_Prod(lst, n)","def sum_Of_Subarray_Prod(lst, n):
    total = 0
    for i in range(n):
        current_product = 1
        for j in range(i, n):
            current_product *= lst[j]
            total += current_product
    return total
","""['assert sum_Of_Subarray_Prod([1,2,3],3) == 20', 'assert sum_Of_Subarray_Prod([1,2],2) == 5', 'assert sum_Of_Subarray_Prod([1,2,3,4],4) == 84']""","Write a Python function to find the sum of the products of all possible subarrays.

Example:
sum_Of_Subarray_Prod(lst: list, n: int)
"
208,209,"একটি পাইথন ফাংশন লিখুন যাতে প্রথম এবং শেষ বিট ছাড়া সংখ্যার বিট টগল করা যায়।
Exammple:
toggle_middle_bits(n)","def toggle_middle_bits(n):
    binary = bin(n)[2:]
    if len(binary) < 3:
        return n
    first = binary[0]
    last = binary[-1]
    middle = binary[1:-1]
    toggled_middle = ''.join(['1' if c == '0' else '0' for c in middle])
    new_binary = first + toggled_middle + last
    return int(new_binary, 2)
","""['assert toggle_middle_bits(9) == 15', 'assert toggle_middle_bits(10) == 12', 'assert toggle_middle_bits(11) == 13']""","Write a Python function that toggles the bits of a number, excluding the first and last bits.

Example:
def toggle_middle_bits(n: int) -> int:
"
209,210,"একটি নির্দিষ্ট মানের বাম সন্নিবেশ পয়েন্ট সনাক্ত করার জন্য একটি ফাংশন লিখুন।
Exammple:
left_insertion(lst, n)","def left_insertion(lst, n):
    for i in range(len(lst)):
        if lst[i] >= n:
            return i
    return len(lst)
","""['assert left_insertion([1,2,4,5],6)==4', 'assert left_insertion([1,2,4,5],3)==2', 'assert left_insertion([1,2,4,5],7)==4']""","Write a function to identify the leftmost insertion point for a specific value.

Example:

```python
def left_insertion(lst: list, n: int):
```
"
210,211,"একটি ফাংশন লিখুন যা দিয়ে চেক করা যায় যে প্রদত্ত স্ট্রিংটি স্বরবর্ণ দিয়ে শুরু হচ্ছে কিনা বা রেজেক্স ব্যবহার করে না।
Exammple:
check_str(s)","def check_str(s):
    if not s:
        return 'Invalid'
    first_char = s[0].lower()
    return 'Valid' if first_char in {'a', 'e', 'i', 'o', 'u'} else 'Invalid'
","""['assert check_str(\""annie\"") == \\'Valid\\'', 'assert check_str(\""dawood\"") == \\'Invalid\\'', 'assert check_str(\""Else\"") == \\'Valid\\'']""","Write a function to check if a given string starts with a vowel without using regex.

Example:

```python
def check_str(s: str) -> bool:
```
"
211,212,"n-1 এর জ্যামিতিক যোগফল গণনা করার জন্য একটি ফাংশন লিখুন।
Exammple:
geometric_sum(n)","def geometric_sum(n):
    return 2 * (1 - 0.5 ** (n + 1))
","""['assert geometric_sum(7) == 1.9921875', 'assert geometric_sum(4) == 1.9375', 'assert geometric_sum(8) == 1.99609375']""","Write a function to calculate the geometric sum of n-1.

Example:
geometric_sum(n: int) -> float:
"
212,213,"একটি পাইথন ফাংশন লিখুন যাতে n অঙ্কযুক্ত ক্ষুদ্রতম ত্রিভুজাকার সংখ্যার সূচক পাওয়া যায়।
Exammple:
find_Index(n)","def find_Index(n):
    k = 1
    while True:
        triangular = k * (k + 1) // 2
        if len(str(triangular)) == n:
            return k
        k += 1
","""['assert find_Index(2) == 4', 'assert find_Index(3) == 14', 'assert find_Index(4) == 45']""","Write a Python function to find the index of the smallest triangular number with n digits.

Example:
find_index(n: int) -> int:
"
213,214,"একটি ফাংশন লিখুন যা দেওয়া টিপলকে সংলগ্ন উপাদান ব্যবহার করে একটি কী-মান অভিধানে রূপান্তর করে।
Exammple:
tuple_to_dict(tup)","def tuple_to_dict(tup):
    return dict(zip(tup[::2], tup[1::2]))
","""['assert tuple_to_dict((1, 5, 7, 10, 13, 5)) == {1: 5, 7: 10, 13: 5}', 'assert tuple_to_dict((1, 2, 3, 4, 5, 6)) == {1: 2, 3: 4, 5: 6}', 'assert tuple_to_dict((7, 8, 9, 10, 11, 12)) == {7: 8, 9: 10, 11: 12}']""","Write a function that converts a given tuple into a key-value dictionary using adjacent elements.

Example:

def tuple_to_dict(tup):
"
214,215,"সমস্ত অক্ষর একই কিনা তা পরীক্ষা করার জন্য একটি পাইথন ফাংশন লিখুন।
Exammple:
all_Characters_Same(s)","def all_Characters_Same(s):
    return len(s) > 0 and len(set(s)) == 1
","""['assert all_Characters_Same(\""python\"") == False', 'assert all_Characters_Same(\""aaa\"") == True', 'assert all_Characters_Same(\""data\"") == False']""","Write a Python function to check if all characters are the same in a given string.

Example:

def all_Characters_Same(s: str) -> bool:
"
215,216,"একটি টেট্রাহেড্রনের ক্ষেত্রফল নির্ণয়ের জন্য একটি ফাংশন লিখুন।
Exammple:
area_tetrahedron(n)","import math

def area_tetrahedron(n):
    return math.sqrt(3) * n ** 2
","""['assert area_tetrahedron(3)==15.588457268119894', 'assert area_tetrahedron(20)==692.8203230275509', 'assert area_tetrahedron(10)==173.20508075688772']""","Write a function to calculate the surface area of a tetrahedron.

Example:

def area_tetrahedron(n):
"
216,217,"একটি নির্দিষ্ট তালিকা নির্দিষ্ট সংখ্যক আইটেম দ্বারা সঠিক দিকের দিকে ঘোরানোর জন্য একটি ফাংশন লিখুন।
Exammple:
rotate_right(lst, n, n2)","def rotate_right(lst, n, n2):
    if not lst:
        return []
    steps = (n + n2) % len(lst)
    rotated = lst[-steps:] + lst[:-steps]
    # If n2 > 1, extend the prefix (rotated[:steps]) (n2-1) times
    if n2 > 1:
        rotated += rotated[:steps] * (n2 - 1)
    return rotated
","""['assert rotate_right([1, 2, 3, 4, 5, 6, 7, 8, 9, 10],3,4)==[8, 9, 10, 1, 2, 3, 4, 5, 6]', 'assert rotate_right([1, 2, 3, 4, 5, 6, 7, 8, 9, 10],2,2)==[9, 10, 1, 2, 3, 4, 5, 6, 7, 8]', 'assert rotate_right([1, 2, 3, 4, 5, 6, 7, 8, 9, 10],5,2)==[6, 7, 8, 9, 10, 1, 2, 3, 4, 5, 6, 7, 8]']""","Write a function to rotate a given list by a specified number of items in the correct direction.

Example:
rotate_right(lst, n, n2)
"
217,218,"প্রদত্ত টিপলটির কোন শূন্য মান আছে কিনা তা পরীক্ষা করার জন্য একটি ফাংশন লিখুন।
Exammple:
check_none(tup)","def check_none(tup):
    return any((elem is None for elem in tup))
","""['assert check_none((10, 4, 5, 6, None)) == True', 'assert check_none((7, 8, 9, 11, 14)) == False', 'assert check_none((1, 2, 3, 4, None)) == True']""","Write a function to check if the given tuple has any None values.
Example:
def check_none(tup: tuple) -> bool:
"
218,219,"একটি নির্দিষ্ট পরিসরের মধ্যে সংখ্যা খুঁজে বের করার জন্য একটি ফাংশন লিখুন যেখানে প্রতিটি সংখ্যা তার মধ্যে থাকা প্রতিটি অঙ্কের দ্বারা বিভাজ্য।
Exammple:
divisible_by_digits(n, n2)","def divisible_by_digits(n, n2):
    result = []
    for num in range(n, n2 + 1):
        digits = [int(c) for c in str(num)]
        if 0 in digits:
            continue
        valid = True
        for d in digits:
            if num % d != 0:
                valid = False
                break
        if valid:
            result.append(num)
    return result
","""['assert divisible_by_digits(1,22)==[1, 2, 3, 4, 5, 6, 7, 8, 9, 11, 12, 15, 22]', 'assert divisible_by_digits(1,15)==[1, 2, 3, 4, 5, 6, 7, 8, 9, 11, 12, 15]', 'assert divisible_by_digits(20,25)==[22, 24]']""","Write a function to find numbers within a specified range where each number is divisible by every digit it contains.

Example:
divisible_by_digits(start: int, end: int)
"
219,220,"একটি সেক্টরের এলাকা খুঁজে বের করার জন্য একটি ফাংশন লিখুন।
Exammple:
sector_area(n, n2)","def sector_area(n, n2):
    if n2 <= 0 or n2 >= 360:
        return None
    return n2 / 360 * (22 / 7) * n ** 2
","""['assert sector_area(4,45)==6.285714285714286', 'assert sector_area(9,45)==31.82142857142857', 'assert sector_area(9,360)==None']""","Write a function to find the area of a sector.

Example:
```python
def sector_area(radius, angle):
  # Function implementation goes here
  pass
```
"
220,221,"একটি ফাংশন লিখুন যা প্রদত্ত তিনটি স্ট্রিং ক্রমের জন্য দীর্ঘতম সাধারণ উপসারণ খুঁজে বের করে।
Exammple:
lcs_of_three(s, s2, s3, n, n2, n3)","def lcs_of_three(s, s2, s3, n, n2, n3):
    dp = [[[0] * (n3 + 1) for _ in range(n2 + 1)] for __ in range(n + 1)]
    for i in range(1, n + 1):
        for j in range(1, n2 + 1):
            for k in range(1, n3 + 1):
                if s[i - 1] == s2[j - 1] == s3[k - 1]:
                    dp[i][j][k] = dp[i - 1][j - 1][k - 1] + 1
                else:
                    dp[i][j][k] = max(dp[i - 1][j][k], dp[i][j - 1][k], dp[i][j][k - 1])
    return dp[n][n2][n3]
","""[\""assert lcs_of_three('AGGT12', '12TXAYB', '12XBA', 6, 7, 5) == 2\"", \""assert lcs_of_three('Reels', 'Reelsfor', 'ReelsforReels', 5, 8, 13) == 5 \"", \""assert lcs_of_three('abcd1e2', 'bc12ea', 'bd1ea', 7, 6, 5) == 3\""]""","Write a function to find the longest common subsequence for three given strings.

Example:
def lcs_of_three(s: str, s2: str, s3: str, n: int, n2: int, n3: int) -> str:
"
221,222,"একটি প্রদত্ত স্ট্রিং-এ বড় অক্ষর দিয়ে শুরু হওয়া শব্দের মধ্যে স্পেস রাখার জন্য একটি ফাংশন লিখুন।
Exammple:
capital_words_spaces(s)","import re

def capital_words_spaces(s):
    return re.sub('([a-z])([A-Z])', '\\1 \\2', s)
","""['assert capital_words_spaces(\""Python\"") == \\'Python\\'', 'assert capital_words_spaces(\""PythonProgrammingExamples\"") == \\'Python Programming Examples\\'', 'assert capital_words_spaces(\""GetReadyToBeCodingFreak\"") == \\'Get Ready To Be Coding Freak\\'']""","Write a function to insert spaces between words that start with capital letters in a given string.

Example:
capital_words_spaces(s: str) -> str:
"
222,223,"একটি ফাংশন লিখুন যা সংখ্যার একটি প্রদত্ত স্ট্রিংকে সংখ্যাসূচকভাবে সাজায়।
Exammple:
sort_numeric_strings(lst)","def sort_numeric_strings(lst):
    return sorted((int(x) for x in lst))
","""[\""assert sort_numeric_strings( ['4','12','45','7','0','100','200','-12','-500'])==[-500, -12, 0, 4, 7, 12, 45, 100, 200]\"", \""assert sort_numeric_strings(['2','3','8','4','7','9','8','2','6','5','1','6','1','2','3','4','6','9','1','2'])==[1, 1, 1, 2, 2, 2, 2, 3, 3, 4, 4, 5, 6, 6, 6, 7, 8, 8, 9, 9]\"", \""assert sort_numeric_strings(['1','3','5','7','1', '3','13', '15', '17','5', '7 ','9','1', '11'])==[1, 1, 1, 3, 3, 5, 5, 7, 7, 9, 11, 13, 15, 17]\""]""","Write a function that sorts a given list of strings numerically.

Example:

sort_numeric_strings(lst: list[str]) -> list[str]
"
223,224,"একটি ফাংশন লিখুন যাতে প্রদত্ত তালিকায় প্রদত্ত টিউপেল যোগ করা যায়।
Exammple:
add_tuple(lst, tup)","def add_tuple(lst, tup):
    return lst + list(tup)
","""['assert add_tuple([5, 6, 7], (9, 10)) == [5, 6, 7, 9, 10]', 'assert add_tuple([6, 7, 8], (10, 11)) == [6, 7, 8, 10, 11]', 'assert add_tuple([7, 8, 9], (11, 12)) == [7, 8, 9, 11, 12]']""","Write a function that adds a given tuple to a given list.

Example:

def add_tuple(lst: list, tup: tuple):
"
224,225,"প্রদত্ত অ্যারেটি min heap প্রতিনিধিত্ব করে কিনা তা পরীক্ষা করার জন্য একটি ফাংশন লিখুন।
Exammple:
check_min_heap(lst, n)","def check_min_heap(lst, n):
    for i in range(len(lst) // 2):
        left = 2 * i + 1
        if left < len(lst) and lst[i] > lst[left]:
            return False
        right = 2 * i + 2
        if right < len(lst) and lst[i] > lst[right]:
            return False
    return True
","""['assert check_min_heap([1, 2, 3, 4, 5, 6], 0) == True', 'assert check_min_heap([2, 3, 4, 5, 10, 15], 0) == True', 'assert check_min_heap([2, 10, 4, 5, 3, 15], 0) == False']""","Write a function to check if the given array represents a min heap.

Example:
def check_min_heap(lst: list, n: int) -> bool:
"
225,226,"nth জ্যাকবস্টাল সংখ্যা খুঁজে বের করার জন্য একটি ফাংশন লিখুন।
Exammple:
jacobsthal_num(n)","def jacobsthal_num(n):
    if n == 0:
        return 0
    elif n == 1:
        return 1
    a, b = (0, 1)
    for i in range(2, n + 1):
        c = b + 2 * a
        a, b = (b, c)
    return b
","""['assert jacobsthal_num(5) == 11', 'assert jacobsthal_num(2) == 1', 'assert jacobsthal_num(4) == 5']""","Write a function to find the nth Jacobsthal number.

Example:
def jacobsthal_num(n):
"
226,227,"একটি ফাংশন লিখুন যাতে টুপল তালিকা থেকে সর্বনিম্ন k রেকর্ড পাওয়া যায়।
Exammple:
min_k(lst, n)","def min_k(lst, n):
    return sorted(lst, key=lambda x: x[1])[:n]
","""[\""assert min_k([('Manjeet', 10), ('Akshat', 4), ('Akash', 2), ('Nikhil', 8)], 2) == [('Akash', 2), ('Akshat', 4)]\"", \""assert min_k([('Sanjeev', 11), ('Angat', 5), ('Akash', 3), ('Nepin', 9)], 3) == [('Akash', 3), ('Angat', 5), ('Nepin', 9)]\"", \""assert min_k([('tanmay', 14), ('Amer', 11), ('Ayesha', 9), ('SKD', 16)], 1) == [('Ayesha', 9)]\""]""","Write a function to get the smallest k records from a list of tuples.

Example:
def min_k(lst: list[tuple], k: int) -> list[tuple]:
"
227,228,"তিনটি তালিকা থেকে সাধারণ সূচক উপাদান খুঁজে পেতে একটি ফাংশন লিখুন।
Exammple:
extract_index_list(lst, lst2, lst3)","def extract_index_list(lst, lst2, lst3):
    result = []
    min_len = min(len(lst), len(lst2), len(lst3))
    for i in range(min_len):
        if lst[i] == lst2[i] == lst3[i]:
            result.append(lst[i])
    return result
","""['assert extract_index_list([1, 1, 3, 4, 5, 6, 7],[0, 1, 2, 3, 4, 5, 7],[0, 1, 2, 3, 4, 5, 7])==[1, 7]', 'assert extract_index_list([1, 1, 3, 4, 5, 6, 7],[0, 1, 2, 3, 4, 6, 5],[0, 1, 2, 3, 4, 6, 7])==[1, 6]', 'assert extract_index_list([1, 1, 3, 4, 6, 5, 6],[0, 1, 2, 3, 4, 5, 7],[0, 1, 2, 3, 4, 5, 7])==[1, 5]']""","Write a function to find the common index elements from three lists.

Example:
def extract_index_list(lst: list, lst2: list, lst3: list) -> list:
"
228,229,"একটি তালিকার দ্বিতীয় ক্ষুদ্রতম সংখ্যা খুঁজে বের করার জন্য একটি ফাংশন লিখুন।
Exammple:
second_smallest(lst)","def second_smallest(lst):
    unique = sorted(set(lst))
    if len(unique) < 2:
        return None
    return unique[1]
","""['assert second_smallest([1, 2, -8, -2, 0, -2])==-2', 'assert second_smallest([1, 1, -0.5, 0, 2, -2, -2])==-0.5', 'assert second_smallest([2,2])==None']""","Write a function to find the second smallest number in a list.
Example:
def second_smallest(lst: list) -> int:
"
229,230,"একটি ফাংশন লিখুন যা একটি স্ট্রিংয়ের সাথে মিলে যায় যার মধ্যে একটি শূন্য বা একটি 'বি' থাকে।
Exammple:
text_match_zero_one(s)","def text_match_zero_one(s):
    if '0' in s or 'a' in s:
        return 'Found a match!'
    else:
        return 'Not matched!'
","""['assert text_match_zero_one(\""ac\"")==(\\'Found a match!\\')', 'assert text_match_zero_one(\""dc\"")==(\\'Not matched!\\')', 'assert text_match_zero_one(\""abbbba\"")==(\\'Found a match!\\')']""","Write a function that matches a string containing a zero or a 'b'.

Example:

def text_match_zero_one(s: str) -> bool:
"
230,231,"প্রদত্ত স্ট্রিং তালিকায় বিপরীত স্ট্রিংগুলির জোড়া গণনা করার জন্য একটি ফাংশন লিখুন।
Exammple:
count_reverse_pairs(lst)","def count_reverse_pairs(lst):
    count = 0
    for i in range(len(lst)):
        for j in range(i + 1, len(lst)):
            if lst[i][::-1] == lst[j]:
                count += 1
    return str(count)
","""['assert count_reverse_pairs([\""julia\"", \""best\"", \""tseb\"", \""for\"", \""ailuj\""])== \\'2\\'', 'assert count_reverse_pairs([\""geeks\"", \""best\"", \""for\"", \""skeeg\""]) == \\'1\\'', 'assert count_reverse_pairs([\""makes\"", \""best\"", \""sekam\"", \""for\"", \""rof\""]) == \\'2\\' ']""","Write a function to count the number of pairs of reversed strings in a given list of strings.
Example:
count_reverse_pairs(lst: list[str]) -> int:
"
231,232,"একটি তালিকার মধ্যে অনন্য তালিকার সংখ্যা গণনা করার জন্য একটি ফাংশন লিখুন।
Exammple:
unique_sublists(lst)","def unique_sublists(lst):
    counts = {}
    for sublist in lst:
        key = tuple(sublist)
        counts[key] = counts.get(key, 0) + 1
    return counts
","""['assert unique_sublists([[1, 3], [5, 7], [1, 3], [13, 15, 17], [5, 7], [9, 11]] )=={(1, 3): 2, (5, 7): 2, (13, 15, 17): 1, (9, 11): 1}', \""assert unique_sublists([['green', 'orange'], ['black'], ['green', 'orange'], ['white']])=={('green', 'orange'): 2, ('black',): 1, ('white',): 1}\"", 'assert unique_sublists([[10, 20, 30, 40], [60, 70, 50, 50], [90, 100, 200]])=={(10, 20, 30, 40): 1, (60, 70, 50, 50): 1, (90, 100, 200): 1}']""","Write a function to count the number of unique sublists within a given list.
Example:
def unique_sublists(lst: list[list]) -> int:
"
232,233,"একটি ফাংশন লিখুন যা 2 এর নির্ভুলতার সাথে একটি দশমিক পরীক্ষা করে।
Exammple:
is_decimal(s)","import re

def is_decimal(s):
    return re.fullmatch('^[+-]?(\\d+\\.\\d{2}|\\.\\d{2})$', s) is not None
","""[\""assert is_decimal('123.11')==True\"", \""assert is_decimal('e666.86')==False\"", \""assert is_decimal('3.124587')==False\""]""","Write a function that checks if a string represents a decimal number with a precision of 2.

Example:

is_decimal(s: str) -> bool:
"
233,234,"একটি অ্যারেতে শুধুমাত্র একটি পৃথক উপাদান আছে কিনা তা পরীক্ষা করার জন্য একটি পাইথন ফাংশন লিখুন।
Exammple:
unique_Element(lst, n)","def unique_Element(lst, n):
    if not lst:
        return 'NO'
    first = lst[0]
    for elem in lst:
        if elem != first:
            return 'NO'
    return 'YES'
","""[\""assert unique_Element([1,1,1],3) == 'YES'\"", \""assert unique_Element([1,2,1,2],4) == 'NO'\"", \""assert unique_Element([1,2,3,4,5],5) == 'NO'\""]""","Write a Python function to check if an array has only one distinct element.

Example:
unique_Element(lst: list, n: int)
"
234,235,"একটি কোণের আর্ক দৈর্ঘ্য গণনা করার জন্য একটি ফাংশন লিখুন।
Exammple:
arc_length(n, n2)","def arc_length(radius, angle):
    if angle > 360:
        return None
    return radius * angle * 22.0 / (7 * 360)

","""['assert arc_length(9,45)==3.5357142857142856', 'assert arc_length(9,480)==None', 'assert arc_length(5,270)==11.785714285714285']""","Write a function to calculate the arc length of an angle.
Example:
```python
def arc_length(radius, angle):
```
"
235,236,"একটি ফাংশন লিখুন যা দিয়ে পরীক্ষা করা যায় যে, প্রদত্ত মাসের সংখ্যাটিতে ৩০ দিন আছে কি না।
Exammple:
check_monthnumber_number(n)","def check_monthnumber_number(n):
    return n in {4, 6, 9, 11}
","""['assert check_monthnumber_number(6)==True', 'assert check_monthnumber_number(2)==False', 'assert check_monthnumber_number(12)==False']""","Write a function to check if a given month number has 30 days.

Example:
def check_monthnumber_number(n: int) -> bool:
"
236,237,"একটি প্রদত্ত অ্যারেতে যে কোন দুটি উপাদানের মধ্যে সর্বনিম্ন পার্থক্য খুঁজে পেতে একটি পাইথন ফাংশন লিখুন।
Exammple:
find_Min_Diff(tup, n)","def find_Min_Diff(tup, n):
    sorted_t = sorted(tup)
    min_diff = float('inf')
    for i in range(len(sorted_t) - 1):
        diff = sorted_t[i + 1] - sorted_t[i]
        if diff < min_diff:
            min_diff = diff
    return min_diff
","""['assert find_Min_Diff((1,5,3,19,18,25),6) == 1', 'assert find_Min_Diff((4,3,2,6),4) == 1', 'assert find_Min_Diff((30,5,20,9),4) == 4']""","Write a Python function to find the minimum difference between any two elements in a given array.

Example:

find_Min_Diff(arr: list[int], n: int) -> int
"
237,238,"একটি প্রদত্ত স্ট্রিং-এ সংখ্যাসূচক মান গণনা করার জন্য একটি পাইথন ফাংশন লিখুন।
Exammple:
number_ctr(s)","def number_ctr(s):
    return sum((1 for c in s if c.isdigit()))
","""[\""assert number_ctr('program2bedone') == 1\"", \""assert number_ctr('3wonders') ==1\"", \""assert number_ctr('123') == 3\""]""","Write a Python function to count the number of numerical values in a given string.
Example:
def number_ctr(s: str) -> int:
"
238,239,"nth বিনয়ী সংখ্যা খুঁজে পেতে একটি ফাংশন লিখুন।
Exammple:
is_polite(n)","def is_polite(n):
    count = 0
    current = 3
    while True:
        if current & current - 1 != 0:
            count += 1
            if count == n:
                return current
        current += 1
","""['assert is_polite(7) == 11', 'assert is_polite(4) == 7', 'assert is_polite(9) == 13']""","Write a function to find the nth polite number.

Example:
is_polite(n: int) -> bool
"
239,240,"একটি প্রদত্ত তালিকার সমস্ত পরপর আইটেম জুড়ি উপর পুনরাবৃত্তি করার জন্য একটি ফাংশন লিখুন।
Exammple:
pair_wise(lst)","def pair_wise(lst):
    return list(zip(lst, lst[1:]))
","""['assert pair_wise([1,1,2,3,3,4,4,5])==[(1, 1), (1, 2), (2, 3), (3, 3), (3, 4), (4, 4), (4, 5)]', 'assert pair_wise([1,5,7,9,10])==[(1, 5), (5, 7), (7, 9), (9, 10)]', 'assert pair_wise([1,2,3,4,5,6,7,8,9,10])==[(1, 2), (2, 3), (3, 4), (4, 5), (5, 6), (6, 7), (7, 8), (8, 9), (9, 10)]']""","Write a function to iterate over all consecutive pairs of items in a given list.

Example:
def pair_wise(lst: list):
"
240,241,"একটি পাইথন ফাংশন লিখুন যাতে জোড়ার সংখ্যা গণনা করা যায় যার যোগফল sum এর সমান।
Exammple:
get_Pairs_Count(lst, n, n2)","def get_Pairs_Count(lst, n, n2):
    count = 0
    for i in range(len(lst)):
        for j in range(i + 1, len(lst)):
            if lst[i] + lst[j] == n2:
                count += 1
    return count
","""['assert get_Pairs_Count([1,1,1,1],4,2) == 6', 'assert get_Pairs_Count([1,5,7,-1,5],5,6) == 3', 'assert get_Pairs_Count([1,-2,3],3,1) == 1']""","Write a Python function to count the number of pairs in a list whose sum is equal to a given target value.

Example:
get_Pairs_Count(lst, n, sum)
"
241,242,"একটি প্রদত্ত সংখ্যার অদ্ভুত সমতা পরীক্ষা করার জন্য একটি পাইথন ফাংশন লিখুন।
Exammple:
check_Odd_Parity(n)","def check_Odd_Parity(n):
    return bin(n).count('1') % 2 == 1
","""['assert check_Odd_Parity(13) == True', 'assert check_Odd_Parity(21) == True', 'assert check_Odd_Parity(18) == False']""","Write a Python function to check the odd parity of a given number.

Example:

def check_Odd_Parity(n):
"
242,243,"দুটি তালিকার মধ্যে পার্থক্য পেতে একটি পাইথন ফাংশন লিখুন।
Exammple:
Diff(lst, lst2)","def Diff(lst, lst2):
    part1 = [x for x in lst if x not in lst2]
    part2 = [x for x in lst2 if x not in lst]
    return part1 + part2

","""['assert (Diff([10, 15, 20, 25, 30, 35, 40], [25, 40, 35])) == [10, 20, 30, 15]', 'assert (Diff([1,2,3,4,5], [6,7,1])) == [2,3,4,5,6,7]', 'assert (Diff([1,2,3], [6,7,1])) == [2,3,6,7]']""","Write a Python function to get the difference between two lists.

Example:
```python
def diff(lst: list, lst2: list) -> list:
```
"
243,244,"প্রথম n অদ্ভুত প্রাকৃতিক সংখ্যার চতুর্থ ক্ষমতার যোগফল খুঁজে বের করার জন্য একটি পাইথন ফাংশন লিখুন।
Exammple:
odd_Num_Sum(n)","def odd_Num_Sum(n):
    total = 0
    for i in range(1, n + 1):
        total += (2 * i - 1) ** 4
    return total
","""['assert odd_Num_Sum(2) == 82', 'assert odd_Num_Sum(3) == 707', 'assert odd_Num_Sum(4) == 3108']""","Write a Python function to find the sum of the fourth powers of the first n odd natural numbers.

Example:
def odd_Num_Sum(n):
"
244,245,"প্রদত্ত এক্সপ্রেশনটি ভারসাম্যপূর্ণ কিনা তা পরীক্ষা করার জন্য একটি ফাংশন লিখুন।
Exammple:
check_expression(s)","def check_expression(s):
    stack = []
    closing = {')': '(', ']': '[', '}': '{'}
    opening = {'(', '[', '{'}
    for char in s:
        if char in opening:
            stack.append(char)
        elif char in closing:
            if not stack:
                return False
            if stack.pop() != closing[char]:
                return False
    return len(stack) == 0
","""['assert check_expression(\""{()}[{}]\"") == True', 'assert check_expression(\""{()}[{]\"") == False', 'assert check_expression(\""{()}[{}][]({})\"") == True']""","Write a function to check if a given expression is balanced.
Example:
def check_expression(s: str) -> bool:
"
245,246,"একটি ফাংশন লিখুন যা প্রদত্ত স্ট্রিংয়ের k দৈর্ঘ্যের সমস্ত শব্দকে সরিয়ে দেয়।
Exammple:
remove_length(s, n)","def remove_length(s, n):
    words = s.split()
    filtered = [word for word in words if len(word) != n]
    return ' '.join(filtered)
","""[\""assert remove_length('The person is most value tet', 3) == 'person is most value'\"", \""assert remove_length('If you told me about this ok', 4) == 'If you me about ok'\"", \""assert remove_length('Forces of darkeness is come into the play', 4) == 'Forces of darkeness is the'\""]""","Write a function that removes all words of length k from a given string.

Example:
remove_length(s: str, k: int)
"
246,247,"একটি স্ট্রিংয়ের মধ্যে সাবস্ট্রিংয়ের উপস্থিতি এবং অবস্থান খুঁজে পেতে একটি ফাংশন লিখুন।
Exammple:
occurance_substring(s, s2)","def occurance_substring(s, s2):
    start = s.find(s2)
    if start == -1:
        return None
    end = start + len(s2)
    return (s2, start, end)
","""[\""assert occurance_substring('python programming, python language','python')==('python', 0, 6)\"", \""assert occurance_substring('python programming,programming language','programming')==('programming', 7, 18)\"", \""assert occurance_substring('python programming,programming language','language')==('language', 31, 39)\""]""","Write a function to find the occurrences and positions of a substring within a string.

Example:
`occurance_substring(s: str, s2: str)`
"
247,248,"স্ট্রিংটি বৈধ ইমেইল ঠিকানা কিনা তা পরীক্ষা করার জন্য একটি ফাংশন লিখুন অথবা রেজেক্স ব্যবহার করবেন না।
Exammple:
check_email(s)","def check_email(s):
    if s.count('@') != 1:
        return 'Invalid Email'
    local, domain = s.split('@')
    if not local or not domain:
        return 'Invalid Email'
    if '.' not in domain:
        return 'Invalid Email'
    if domain[0] == '.' or domain[-1] == '.':
        return 'Invalid Email'
    return 'Valid Email'
","""['assert check_email(\""ankitrai326@gmail.com\"") == \\'Valid Email\\'', 'assert check_email(\""my.ownsite@ourearth.org\"") == \\'Valid Email\\'', 'assert check_email(\""ankitaoie326.com\"") == \\'Invalid Email\\'']""","Write a function to check if a string is a valid email address without using regex.

Example:
def check_email(s: str) -> bool:
"
248,249,"একটি পাইথন ফাংশন লিখুন যা প্রতিটি অদ্ভুত সূচক প্রদত্ত তালিকার অদ্ভুত সংখ্যা ধারণ করে কিনা তা পরীক্ষা করে।
Exammple:
odd_position(lst)","def odd_position(lst):
    for i in range(1, len(lst), 2):
        if lst[i] % 2 == 0:
            return False
    return True
","""['assert odd_position([2,1,4,3,6,7,6,3]) == True', 'assert odd_position([4,1,2]) == True', 'assert odd_position([1,2,3]) == False']""","Write a Python function that checks if every odd index of a given list contains an odd number.

Example:

def odd_position(lst: list) -> bool:
"
249,250,"একটি ফাংশন লিখুন যাতে সেই অক্ষরগুলিকে গণনা করা যায় যার দেওয়া স্ট্রিংয়ের প্রতিবেশী স্বরবর্ণ রয়েছে।
Exammple:
count_vowels(s)","def count_vowels(s):
    vowels = {'a', 'e', 'i', 'o', 'u'}
    count = 0
    for i in range(len(s)):
        current = s[i].lower()
        if current not in vowels:
            left = s[i - 1].lower() if i > 0 else None
            right = s[i + 1].lower() if i < len(s) - 1 else None
            if left in vowels or right in vowels:
                count += 1
    return count
","""[\""assert count_vowels('bestinstareels') == 7\"", \""assert count_vowels('partofthejourneyistheend') == 12\"", \""assert count_vowels('amazonprime') == 5\""]""","Write a function to count the number of characters in a given string that have neighboring vowels.

Example:

```python
def count_vowels(s: str) -> int:
```
"
250,251,"একটি প্রদত্ত অ্যারেতে পুনরাবৃত্তি না হওয়া উপাদানগুলির যোগফল খুঁজে পেতে একটি পাইথন ফাংশন লিখুন।
Exammple:
find_Sum(lst, n)","from collections import Counter

def find_Sum(lst, n):
    counts = Counter(lst)
    total = sum(lst)
    for num, cnt in counts.items():
        total -= (cnt - 1) * num
    return total
","""['assert find_Sum([1,2,3,1,1,4,5,6],8) == 21', 'assert find_Sum([1,10,9,4,2,10,10,45,4],9) == 71', 'assert find_Sum([12,10,9,45,2,10,10,45,10],9) == 78']""","Write a Python function to find the sum of the non-repeating elements in a given array.

Example:
find_Sum(lst: list[int], n: int)
"
251,252,"একটি প্রদত্ত তালিকার উপাদানগুলির পরপর ডুপ্লিকেটগুলিকে উপ-তালিকাগুলিতে প্যাক করার জন্য একটি ফাংশন লিখুন।
Exammple:
pack_consecutive_duplicates(lst)","def pack_consecutive_duplicates(lst):
    if not lst:
        return []
    result = [[lst[0]]]
    for elem in lst[1:]:
        if elem == result[-1][-1]:
            result[-1].append(elem)
        else:
            result.append([elem])
    return result
","""['assert pack_consecutive_duplicates([0, 0, 1, 2, 3, 4, 4, 5, 6, 6, 6, 7, 8, 9, 4, 4])==[[0, 0], [1], [2], [3], [4, 4], [5], [6, 6, 6], [7], [8], [9], [4, 4]]', 'assert pack_consecutive_duplicates([10, 10, 15, 19, 18, 18, 17, 26, 26, 17, 18, 10])==[[10, 10], [15], [19], [18, 18], [17], [26, 26], [17], [18], [10]]', \""assert pack_consecutive_duplicates(['a', 'a', 'b', 'c', 'd', 'd'])==[['a', 'a'], ['b'], ['c'], ['d', 'd']]\""]""","Write a function to pack consecutive duplicates of elements from a given list into sublists.

Example:
def pack_consecutive_duplicates(lst: list) -> list:
"
252,253,"একটি তালিকার মধ্যে অনন্য তালিকার সংখ্যা গণনা করার জন্য একটি ফাংশন লিখুন।
Exammple:
unique_sublists(lst)","def unique_sublists(lst):
    counts = {}
    for sublist in lst:
        key = tuple(sublist)
        counts[key] = counts.get(key, 0) + 1
    return counts
","""['assert unique_sublists([[1, 3], [5, 7], [1, 3], [13, 15, 17], [5, 7], [9, 11]])=={(1, 3): 2, (5, 7): 2, (13, 15, 17): 1, (9, 11): 1}', \""assert unique_sublists([['green', 'orange'], ['black'], ['green', 'orange'], ['white']])=={('green', 'orange'): 2, ('black',): 1, ('white',): 1}\"", 'assert unique_sublists([[1, 2], [3, 4], [4, 5], [6, 7]])=={(1, 2): 1, (3, 4): 1, (4, 5): 1, (6, 7): 1}']""","Write a function to count the number of unique sublists within a list.

Example:
def unique_sublists(lst: list) -> int:
"
253,254,"প্রদত্ত টিপল তালিকায় টিপল সহ সমষ্টিগুলির সমন্বয় খুঁজে পেতে একটি ফাংশন লিখুন।
Exammple:
find_combinations(lst)","def find_combinations(lst):
    result = []
    for i in range(len(lst)):
        for j in range(i + 1, len(lst)):
            a = lst[i]
            b = lst[j]
            sum_first = a[0] + b[0]
            sum_second = a[1] + b[1]
            result.append((sum_first, sum_second))
    return result
","""['assert find_combinations([(2, 4), (6, 7), (5, 1), (6, 10)]) == [(8, 11), (7, 5), (8, 14), (11, 8), (12, 17), (11, 11)]', 'assert find_combinations([(3, 5), (7, 8), (6, 2), (7, 11)]) == [(10, 13), (9, 7), (10, 16), (13, 10), (14, 19), (13, 13)]', 'assert find_combinations([(4, 6), (8, 9), (7, 3), (8, 12)]) == [(12, 15), (11, 9), (12, 18), (15, 12), (16, 21), (15, 15)]']""","Write a function to find combinations of sums with tuples in a given list of tuples.

Example:

```python
def find_combinations(lst: list[tuple]) -> list[tuple]:
    # Implementation here
    pass
```
"
254,255,"একটি পাইথন ফাংশন লিখুন যাচাই করতে হবে যে বিভাজক সংখ্যাটি জোড়া বা অজোড়া কিনা।
Exammple:
count_Divisors(n)","import math

def count_Divisors(n):
    sqrt_n = math.isqrt(n)
    return 'Odd' if sqrt_n * sqrt_n == n else 'Even'
","""['assert count_Divisors(10) == \""Even\""', 'assert count_Divisors(100) == \""Odd\""', 'assert count_Divisors(125) == \""Even\""']""","Write a Python function to verify whether the number of divisors of a given number is even or odd.

Example:

```python
def count_Divisors(n):
```
"
255,256,"সমস্ত অদ্ভুত দৈর্ঘ্যের উপ-রেগুলির যোগফল খুঁজে পেতে একটি পাইথন ফাংশন লিখুন।
Exammple:
Odd_Length_Sum(lst)","def Odd_Length_Sum(lst):
    total = 0
    n = len(lst)
    max_length = n if n % 2 else n - 1
    for l in range(1, max_length + 1, 2):
        for i in range(n - l + 1):
            total += sum(lst[i:i + l])
    return total
","""['assert Odd_Length_Sum([1,2,4]) == 14', 'assert Odd_Length_Sum([1,2,1,2]) == 15', 'assert Odd_Length_Sum([1,7]) == 8']""","Write a Python function to find the sum of all odd-length subarrays.

Example:
def odd_length_sum(lst: list[int]) -> int:
"
256,257,"একটি ফাংশন লিখুন যা rgb রঙকে hsv রঙে রূপান্তর করে।
Exammple:
rgb_to_hsv(n, n2, n3)","def rgb_to_hsv(n, n2, n3):
    original_r = n
    original_g = n2
    original_b = n3
    r = original_r / 255.0
    g = original_g / 255.0
    b = original_b / 255.0
    cmax = max(r, g, b)
    cmin = min(r, g, b)
    delta = cmax - cmin
    max_val = max(original_r, original_g, original_b)
    if delta == 0:
        h = 0.0
    else:
        if original_r == max_val:
            h_part = (g - b) / delta
        elif original_g == max_val:
            h_part = (b - r) / delta
        else:
            h_part = (r - g) / delta
        if original_r == max_val:
            h = h_part % 6
        elif original_g == max_val:
            h = h_part + 2
        else:
            h = h_part + 4
        h *= 60
        h %= 360.0
    if cmax == 0:
        s = 0.0
    else:
        s = delta / cmax * 100
    v = cmax * 100
    return (h, s, v)
","""['assert rgb_to_hsv(255, 255, 255)==(0, 0.0, 100.0)', 'assert rgb_to_hsv(0, 215, 0)==(120.0, 100.0, 84.31372549019608)', 'assert rgb_to_hsv(10, 215, 110)==(149.26829268292684, 95.34883720930233, 84.31372549019608)']""","Write a function that converts an RGB color to an HSV color.

Example:

rgb_to_hsv(r, g, b)
"
257,258,"একটি প্রদত্ত তালিকার প্রথম সম সংখ্যা এবং অদ্ভুত সংখ্যার গুণফল খুঁজে বের করার জন্য একটি ফাংশন লিখুন।
Exammple:
mul_even_odd(lst)","def mul_even_odd(lst):
    first_even = None
    first_odd = None
    for num in lst:
        if first_even is None and num % 2 == 0:
            first_even = num
        if first_odd is None and num % 2 != 0:
            first_odd = num
        if first_even is not None and first_odd is not None:
            break
    return first_even * first_odd
","""['assert mul_even_odd([1,3,5,7,4,1,6,8])==4', 'assert mul_even_odd([1,2,3,4,5,6,7,8,9,10])==2', 'assert mul_even_odd([1,5,7,9,10])==10']""","Write a function to find the product of the first even number and the first odd number in a given list.

Example:
def mul_even_odd(lst: list) -> int:
"
258,259,"একটি ফাংশন লিখুন যা টুপল স্ট্রিংকে পূর্ণসংখ্যা টুপলে রূপান্তর করে।
Exammple:
tuple_str_int(s)","def tuple_str_int(s):
    stripped = s.strip()
    content = stripped[1:-1]
    elements = content.split(',')
    return tuple((int(e.strip()) for e in elements))
","""['assert tuple_str_int(\""(7, 8, 9)\"") == (7, 8, 9)', 'assert tuple_str_int(\""(1, 2, 3)\"") == (1, 2, 3)', 'assert tuple_str_int(\""(4, 5, 6)\"") == (4, 5, 6)']""","Write a function that converts a tuple of strings into a tuple of integers.

Example:

```python
def tuple_str_int(s: tuple) -> tuple:
  # Function implementation here
  pass
```
"
259,260,"একটি নির্দিষ্ট মানের জন্য সঠিক সন্নিবেশ পয়েন্ট সনাক্ত করার জন্য একটি ফাংশন লিখুন।
Exammple:
right_insertion(lst, n)","def right_insertion(lst, n):
    low = 0
    high = len(lst)
    while low < high:
        mid = (low + high) // 2
        if lst[mid] > n:
            high = mid
        else:
            low = mid + 1
    return low
","""['assert right_insertion([1,2,4,5],6)==4', 'assert right_insertion([1,2,4,5],3)==2', 'assert right_insertion([1,2,4,5],7)==4']""","Write a function to identify the correct insertion point for a specific value in a sorted list.
Example:
def right_insertion(lst: list, n: int) -> int:
"
260,261,"একটি ফাংশন লিখুন যা একটি স্ট্রিংয়ের সাথে মিলে যায় যার মধ্যে একটি 'a' থাকে যার পরে তিনটি 'b' থাকে।
Exammple:
text_match_three(s)","import re

def text_match_three(s):
    return 'Found a match!' if re.search('abbb', s) else 'Not matched!'
","""['assert text_match_three(\""ac\"")==(\\'Not matched!\\')', 'assert text_match_three(\""dc\"")==(\\'Not matched!\\')', 'assert text_match_three(\""abbbba\"")==(\\'Found a match!\\')']""","Write a function that matches a string containing an 'a' followed by three 'b's.

Example:
text_match_three(s: str) -> bool
"
261,262,"প্রদত্ত স্ট্রিং এবং তালিকা থেকে একটি নতুন টিউপল তৈরি করতে একটি ফাংশন লিখুন।
Exammple:
new_tuple(lst, s)","def new_tuple(lst, s):
    return tuple(lst) + (s,)
","""['assert new_tuple([\""WEB\"", \""is\""], \""best\"") == (\\'WEB\\', \\'is\\', \\'best\\')', 'assert new_tuple([\""We\"", \""are\""], \""Developers\"") == (\\'We\\', \\'are\\', \\'Developers\\')', 'assert new_tuple([\""Part\"", \""is\""], \""Wrong\"") == (\\'Part\\', \\'is\\', \\'Wrong\\')']""","Write a function to create a new tuple from a given string and a list.

Example:
def new_tuple(lst: list, s: str) -> tuple:
"
262,263,"একটি নিয়মিত বহুভুজের পরিধি গণনা করার জন্য একটি ফাংশন লিখুন।
Exammple:
perimeter_polygon(n, n2)","def perimeter_polygon(n, n2):
    return n * n2
","""['assert perimeter_polygon(4,20)==80', 'assert perimeter_polygon(10,15)==150', 'assert perimeter_polygon(9,7)==63']""","Write a function to calculate the perimeter of a regular polygon.
Example:
perimeter_polygon(n, side_length)
"
263,264,"একটি পাইথন ফাংশন লিখুন যা প্রতিটি জোড় সূচক প্রদত্ত তালিকার জোড় সংখ্যা ধারণ করে কিনা তা পরীক্ষা করে।
Exammple:
even_position(lst)","def even_position(lst):
    for index, value in enumerate(lst):
        if index % 2 == 0 and value % 2 != 0:
            return False
    return True
","""['assert even_position([3,2,1]) == False', 'assert even_position([1,2,3]) == False', 'assert even_position([2,1,4]) == True']""","Write a Python function that checks if every even index in a given list contains an even number.

Example:

def even_position(lst: list) -> bool:
"
264,265,"প্রদত্ত টিউপেল থেকে নেস্টেড রেকর্ড সরানোর জন্য একটি ফাংশন লিখুন।
Exammple:
remove_nested(tup)","def remove_nested(tup):
    return tuple((elem for elem in tup if not isinstance(elem, tuple)))
","""['assert remove_nested((1, 5, 7, (4, 6), 10)) == (1, 5, 7, 10)', 'assert remove_nested((2, 6, 8, (5, 7), 11)) == (2, 6, 8, 11)', 'assert remove_nested((3, 7, 9, (6, 8), 12)) == (3, 7, 9, 12)']""","Write a function to remove nested records from a given tuple.

Example:

def remove_nested(tup: tuple) -> tuple:
"
265,266,"একটি নির্দিষ্ট সংখ্যক তালিকায় তালিকা গণনা করার জন্য একটি পাইথন ফাংশন লিখুন।
Exammple:
count_list(lst)","def count_list(lst):
    return sum((1 for elem in lst if isinstance(elem, list)))
","""['assert count_list([[1, 3], [5, 7], [9, 11], [13, 15, 17]]) == 4', 'assert count_list([[1,2],[2,3],[4,5]]) == 3', 'assert count_list([[1,0],[2,0]]) == 2']""","Write a Python function to count the number of lists within a given list.

Example:
count_list(lst: list) -> int
"
266,267,"একটি সাজানো অ্যারেতে একটি উপাদানটির শেষ অবস্থান খুঁজে পেতে একটি পাইথন ফাংশন লিখুন।
Exammple:
last(lst, n, n2)","def last(lst, n, n2):
    max_index = min(n2 - 1, len(lst) - 1)
    for i in range(max_index, -1, -1):
        if lst[i] == n:
            return i
    return -1
","""['assert last([1,2,3],1,3) == 0', 'assert last([1,1,1,2,3,4],1,6) == 2', 'assert last([2,3,2,3,6,8,9],3,8) == 3']""","Write a Python function to find the last occurrence of an element in a sorted array.

Example:
last(lst: list, n: int, n2: int)
"
267,268,"একটি ফাংশন লিখুন যা একটি স্ট্রিংয়ের সাথে মিলে যায় যার 'a' এর পরে কিছু আছে, যা 'b' দিয়ে শেষ হয়।
Exammple:
text_starta_endb(s)","import re

def text_starta_endb(s):
    if re.fullmatch('^a.*b$', s):
        return 'Found a match!'
    else:
        return 'Not matched!'
","""['assert text_starta_endb(\""aabbbb\"")==(\\'Found a match!\\')', 'assert text_starta_endb(\""aabAbbbc\"")==(\\'Not matched!\\')', 'assert text_starta_endb(\""accddbbjjj\"")==(\\'Not matched!\\')']""","Write a function that matches a string that has 'a' followed by anything, ending with 'b'.

Example:

text_starta_endb(s: str) -> bool:
"
268,269,"একটি ডেটাসেট থেকে n - সস্তা মূল্যের আইটেমগুলি খুঁজে বের করার জন্য একটি ফাংশন লিখুন।
Exammple:
cheap_items(lst, n)","def cheap_items(lst, n):
    sorted_items = sorted(lst, key=lambda x: x['price'])
    return sorted_items[:n]
","""[\""assert cheap_items([{'name': 'Item-1', 'price': 101.1},{'name': 'Item-2', 'price': 555.22}],1)==[{'name': 'Item-1', 'price': 101.1}]\"", \""assert cheap_items([{'name': 'Item-1', 'price': 101.1},{'name': 'Item-2', 'price': 555.22}],2)==[{'name': 'Item-1', 'price': 101.1},{'name': 'Item-2', 'price': 555.22}]\"", \""assert cheap_items([{'name': 'Item-1', 'price': 101.1},{'name': 'Item-2', 'price': 555.22}, {'name': 'Item-3', 'price': 45.09},{'name': 'Item-4', 'price': 22.75}],1)==[{'name': 'Item-4', 'price': 22.75}]\""]""","Write a function to find the n cheapest items from a dataset.
Example:
def cheap_items(lst: list, n: int) -> list:
"
269,270,"প্রদত্ত অভিধানে সমস্ত আইটেমের যোগফল খুঁজে বের করার জন্য একটি ফাংশন লিখুন।
Exammple:
return_sum(dct)","def return_sum(dct):
    return sum(dct.values())
","""[\""assert return_sum({'a': 100, 'b':200, 'c':300}) == 600\"", \""assert return_sum({'a': 25, 'b':18, 'c':45}) == 88\"", \""assert return_sum({'a': 36, 'b':39, 'c':49}) == 124\""]""","Write a function to find the sum of all the items in a given dictionary.

Example:

return_sum(dct: dict) -> int:
"
270,271,"l এবং r এর মধ্যে থাকা সমস্ত বিজোড় প্রাকৃতিক সংখ্যার যোগফল খুঁজে বের করার জন্য একটি পাইথন ফাংশন লিখুন।
Exammple:
sum_in_Range(n, n2)","def sum_in_Range(n, n2):
    if n > n2:
        return 0
    first_odd = n if n % 2 else n + 1
    if first_odd > n2:
        return 0
    last_odd = n2 if n2 % 2 else n2 - 1
    if last_odd < first_odd:
        return 0
    count = (last_odd - first_odd) // 2 + 1
    return (first_odd + last_odd) * count // 2
","""['assert sum_in_Range(2,5) == 8', 'assert sum_in_Range(5,7) == 12', 'assert sum_in_Range(7,13) == 40']""","Write a Python function to find the sum of all odd natural numbers between l and r (inclusive).

Example:

sum_in_range(l, r)
"
271,272,"একটি অ্যারের যোগফল খুঁজে পেতে একটি পাইথন ফাংশন লিখুন।
Exammple:
_sum(lst)","def _sum(lst):
    return sum(lst)
","""['assert _sum([1, 2, 3]) == 6', 'assert _sum([15, 12, 13, 10]) == 50', 'assert _sum([0, 1, 2]) == 3']""","Write a Python function to find the sum of an array.

Example:

sum(lst: list[int]) -> int
"
272,273,"একটি পাইথন ফাংশন লিখুন যা একটি প্রদত্ত সংখ্যার বিটগুলিকে বাম দিকে ঘোরায়।
Exammple:
left_Rotate(n, n2)","def left_Rotate(n, n2):
    k = n2 % 32
    return (n << k | n >> 32 - k) & 4294967295
","""['assert left_Rotate(16,2) == 64', 'assert left_Rotate(10,2) == 40', 'assert left_Rotate(99,3) == 792']""","Write a Python function that rotates the bits of a given number to the left.

Example:

```python
def left_Rotate(n: int, n2: int) -> int:
  # Function implementation here
  pass
```
"
273,274,"একটি স্ট্রিং থেকে সব হোয়াইটস্পেস অপসারণ করার জন্য একটি ফাংশন লিখুন।
Exammple:
remove_all_spaces(s)","def remove_all_spaces(s):
    return s.replace(' ', '')
","""[\""assert remove_all_spaces('python  program')==('pythonprogram')\"", \""assert remove_all_spaces('python   programming    language')==('pythonprogramminglanguage')\"", \""assert remove_all_spaces('python                     program')==('pythonprogram')\""]""","Write a function to remove all whitespace from a string.

Example:
remove_all_spaces(s: str) -> str
"
274,275,"একটি পাইথন ফাংশন লিখুন যা তিনটি পূর্ণসংখ্যা থেকে সমান সংখ্যার সংখ্যা গণনা করে।
Exammple:
test_three_equal(n, n2, n3)","def test_three_equal(n, n2, n3):
    numbers = [n, n2, n3]
    freq = {}
    for num in numbers:
        freq[num] = freq.get(num, 0) + 1
    count = 0
    for num in numbers:
        if freq[num] >= 2:
            count += 1
    return count
","""['assert test_three_equal(1,1,1) == 3', 'assert test_three_equal(-1,-2,-3) == 0', 'assert test_three_equal(1,2,2) == 2']""","Write a Python function that counts the number of equal numbers from three integers.

Example:
def test_three_equal(n: int, n2: int, n3: int) -> int:
"
275,276,"একটি সাজানো অ্যারে তৈরি করতে প্রয়োজনীয় ঘূর্ণন সংখ্যা গণনা করার জন্য একটি পাইথন ফাংশন লিখুন।
Exammple:
count_Rotation(lst, n)","def count_Rotation(lst, n):
    min_val = min(lst)
    idx = lst.index(min_val)
    return min(idx, n - idx)
","""['assert count_Rotation([3,2,1],3) == 1', 'assert count_Rotation([4,5,1,2,3],5) == 2', 'assert count_Rotation([7,8,9,1,2,3],6) == 3']""","Write a Python function to count the number of rotations required to make a given array sorted.

Example:

count_Rotation(lst: list, n: int)
"
276,277,"প্রদত্ত সংখ্যাটি একটি নিখুঁত বর্গক্ষেত্র কিনা তা পরীক্ষা করার জন্য একটি পাইথন ফাংশন লিখুন।
Exammple:
is_Perfect_Square(n)","import math

def is_Perfect_Square(n):
    if n < 0:
        return False
    s = math.isqrt(n)
    return s * s == n
","""['assert is_Perfect_Square(10) == False', 'assert is_Perfect_Square(36) == True', 'assert is_Perfect_Square(14) == False']""","Write a Python function to check if a given number is a perfect square.
Example:
def is_Perfect_Square(n):
"
277,278,"সংখ্যাগুলির গুণফল জোড়া কিনা তা পরীক্ষা করার জন্য একটি পাইথন ফাংশন লিখুন।
Exammple:
is_Product_Even(lst, n)","def is_Product_Even(lst, n):
    for num in lst[:n]:
        if num % 2 == 0:
            return True
    return False
","""['assert is_Product_Even([1,2,3],3) == True', 'assert is_Product_Even([1,2,1,4],4) == True', 'assert is_Product_Even([1,1],2) == False']""","Write a Python function to check if the product of numbers is even.

Example:
def is_product_even(lst: list[int]) -> bool:
"
278,279,"একটি ফাংশন লিখুন যাতে এমন তালিকার তালিকা খুঁজে পাওয়া যায় যার উপাদানগুলির যোগফল সর্বোচ্চ।
Exammple:
max_sum_list(lst)","def max_sum_list(lst):
    max_sum = float('-inf')
    result = None
    for sublist in lst:
        current_sum = sum(sublist)
        if current_sum > max_sum:
            max_sum = current_sum
            result = sublist
    return result
","""['assert max_sum_list([[1,2,3], [4,5,6], [10,11,12], [7,8,9]])==[10, 11, 12] ', 'assert max_sum_list([[3,2,1], [6,5,4], [12,11,10]])==[12,11,10] ', 'assert max_sum_list([[2,3,1]])==[2,3,1] ']""","Write a function to find the list within a list of lists whose elements have the maximum sum.

Example:

def max_sum_list(lst: list[list[int]]) -> list[int]:
"
279,280,"প্রদত্ত স্ট্রিং-এ বড় অক্ষরের সর্বোচ্চ সংখ্যা খুঁজে বের করার জন্য একটি ফাংশন লিখুন।
Exammple:
max_run_uppercase(s)","def max_run_uppercase(s):
    max_count = 0
    current = 0
    for c in s:
        if c.isupper():
            current += 1
            if current > max_count:
                max_count = current
        else:
            current = 0
    return max_count
","""[\""assert max_run_uppercase('GeMKSForGERksISBESt') == 5\"", \""assert max_run_uppercase('PrECIOusMOVemENTSYT') == 6\"", \""assert max_run_uppercase('GooGLEFluTTER') == 4\""]""","Write a function to find the maximum number of consecutive uppercase characters in a given string.

Example:
def max_run_uppercase(s: str) -> int:
"
280,281,"একটি পাইথন ফাংশন লিখুন যাতে একটি প্রদত্ত সংখ্যার তালিকায় প্রথম অদ্ভুত সংখ্যাটি পাওয়া যায়।
Exammple:
first_odd(lst)","def first_odd(lst):
    for num in lst:
        if num % 2 != 0:
            return num
    return None
","""['assert first_odd([1,3,5]) == 1', 'assert first_odd([2,4,1,3]) == 1', 'assert first_odd ([8,9,1]) == 9']""","Write a Python function that finds the first odd number in a given list of numbers.

Example:

def first_odd(lst: list[int]) -> int | None:
"
281,282,"একটি ফাংশন লিখুন যা দিয়ে চেক করা যায় যে, প্রদত্ত টুপলগুলোতে k আছে কি না।
Exammple:
check_K(tup, n)","def check_K(tup, n):
    return n in tup
","""['assert check_K((10, 4, 5, 6, 8), 6) == True', 'assert check_K((1, 2, 3, 4, 5, 6), 7) == False', 'assert check_K((7, 8, 9, 44, 11, 12), 11) == True']""","Write a function to check if a given tuple contains the element 'k'.

Example:
def check_K(tup: tuple, n):
"
282,283,"দ্বিতীয় টিপলের প্রতিটি উপাদান প্রথম টিপলের সংশ্লিষ্ট সূচকের চেয়ে ছোট কিনা তা পরীক্ষা করার জন্য একটি ফাংশন লিখুন।
Exammple:
check_smaller(tup, tup2)","def check_smaller(tup, tup2):
    return all((y < x for x, y in zip(tup, tup2)))
","""['assert check_smaller((1, 2, 3), (2, 3, 4)) == False', 'assert check_smaller((4, 5, 6), (3, 4, 5)) == True', 'assert check_smaller((11, 12, 13), (10, 11, 12)) == True']""","Write a function to check if each element of the second tuple is smaller than the element at the corresponding index of the first tuple.

Example:

def check_smaller(tup1: tuple, tup2: tuple) -> bool:
"
283,284,"একটি ফাংশন লিখুন যাতে উপাদানগুলো পুনরাবৃত্তি করে যার সংখ্যা যতবার হয়।
Exammple:
count_variable(n, n2, n3, n4)","def count_variable(n, n2, n3, n4):
    result = []
    if n > 0:
        result += ['p'] * n
    if n2 > 0:
        result += ['q'] * n2
    if n3 > 0:
        result += ['r'] * n3
    if n4 > 0:
        result += ['s'] * n4
    return result
","""[\""assert count_variable(4,2,0,-2)==['p', 'p', 'p', 'p', 'q', 'q'] \"", \""assert count_variable(0,1,2,3)==['q', 'r', 'r', 's', 's', 's'] \"", \""assert count_variable(11,15,12,23)==['p', 'p', 'p', 'p', 'p', 'p', 'p', 'p', 'p', 'p', 'p', 'q', 'q', 'q', 'q', 'q', 'q', 'q', 'q', 'q', 'q', 'q', 'q', 'q', 'q', 'q', 'r', 'r', 'r', 'r', 'r', 'r', 'r', 'r', 'r', 'r', 'r', 'r', 's', 's', 's', 's', 's', 's', 's', 's', 's', 's', 's', 's', 's', 's', 's', 's', 's', 's', 's', 's', 's', 's', 's']\""]""","Write a function that iterates through elements and counts how many times each element occurs.

Example:
count_variable(n1, n2, n3, n4)
"
284,285,"একটি ফাংশন লিখুন যা দুটি তালিকার টুপলগুলি একই রকম কিনা তা পরীক্ষা করে।
Exammple:
check_identical(lst, lst2)","def check_identical(lst, lst2):
    return lst == lst2
","""['assert check_identical([(10, 4), (2, 5)], [(10, 4), (2, 5)]) == True', 'assert check_identical([(1, 2), (3, 7)], [(12, 14), (12, 45)]) == False', 'assert check_identical([(2, 14), (12, 25)], [(2, 14), (12, 25)]) == True']""","Write a function that checks if two lists of tuples are identical.
Example:
def check_identical(lst: list[tuple], lst2: list[tuple]) -> bool:
"
285,286,"একটি প্রদত্ত স্ট্রিংয়ে 'road' কে 'rd.' হিসেবে সংক্ষিপ্ত করার জন্য একটি ফাংশন লিখুন।
Exammple:
road_rd(s)","def road_rd(s):
    return s.replace('Road', 'Rd.')
","""['assert road_rd(\""ravipadu Road\"")==(\\'ravipadu Rd.\\')', 'assert road_rd(\""palnadu Road\"")==(\\'palnadu Rd.\\')', 'assert road_rd(\""eshwar enclave Road\"")==(\\'eshwar enclave Rd.\\')']""","Write a function that abbreviates ""road"" to ""rd."" in a given string.

Example:
`road_rd(s)`
"
286,287,"স্ট্রিং এর দৈর্ঘ্য খুঁজে বের করার জন্য একটি ফাংশন লিখুন।
Exammple:
string_length(s)","def string_length(s):
    return len(s)
","""[\""assert string_length('python')==6\"", \""assert string_length('program')==7\"", \""assert string_length('language')==8\""]""","Write a function to find the length of a string.
Example:
def string_length(s: str) -> int:
"
287,288,"একটি রম্বসের ক্ষেত্রফল খুঁজে বের করার জন্য একটি ফাংশন লিখুন।
Exammple:
rombus_area(n, n2)","def rombus_area(n, n2):
    return n * n2 // 2
","""['assert rombus_area(10,20)==100', 'assert rombus_area(10,5)==25', 'assert rombus_area(4,2)==4']""","Write a function to find the area of a rhombus.

Example:

def rhombus_area(diagonal1, diagonal2):
"
288,289,"কোনো সাজানোর অ্যালগরিদম ব্যবহার না করে প্রদত্ত অ্যারে বাছাই করার জন্য একটি ফাংশন লিখুন। প্রদত্ত অ্যারে কেবলমাত্র 0, 1, এবং 2 দিয়ে গঠিত।
Exammple:
sort_by_dnf(lst, n)","def sort_by_dnf(lst, n):
    count0 = lst.count(0)
    count1 = lst.count(1)
    count2 = lst.count(2)
    return [0] * count0 + [1] * count1 + [2] * count2
","""['assert sort_by_dnf([1,2,0,1,0,1,2,1,1], 9) == [0, 0, 1, 1, 1, 1, 1, 2, 2]', 'assert sort_by_dnf([1,0,0,1,2,1,2,2,1,0], 10) == [0, 0, 0, 1, 1, 1, 1, 2, 2, 2]', 'assert sort_by_dnf([2,2,1,0,0,0,1,1,2,1], 10) == [0, 0, 0, 1, 1, 1, 1, 2, 2, 2]']""","Write a function to sort a given array without using any sorting algorithms. The given array consists only of 0s, 1s, and 2s.

Example:
def sort_by_dnf(lst: list, n: int) -> list:
"
289,290,"প্রদত্ত টুপলগুলির মানগুলি সাফ করার জন্য একটি ফাংশন লিখুন।
Exammple:
clear_tuple(tup)","def clear_tuple(tup):
    return ()
","""['assert clear_tuple((1, 5, 3, 6, 8)) == ()', 'assert clear_tuple((2, 1, 4 ,5 ,6)) == ()', 'assert clear_tuple((3, 2, 5, 6, 8)) == ()']""","Write a function to clear the values of the given tuples.

Example:
clear_tuple(tup: tuple) -> None:
"
290,291,"ল্যাম্বদা ফাংশন ব্যবহার করে সংখ্যার তালিকা থেকে m বা n দ্বারা বিভাজ্য সংখ্যা খুঁজে বের করার জন্য একটি ফাংশন লিখুন।
Exammple:
div_of_nums(lst, n, n2)","def div_of_nums(lst, n, n2):
    return list(filter(lambda x: x % n == 0 or x % n2 == 0, lst))
","""['assert div_of_nums([19, 65, 57, 39, 152, 639, 121, 44, 90, 190],19,13)==[19, 65, 57, 39, 152, 190]', 'assert div_of_nums([1, 2, 3, 5, 7, 8, 10],2,5)==[2, 5, 8, 10]', 'assert div_of_nums([10,15,14,13,18,12,20],10,5)==[10, 15, 20]']""","Write a function using lambda functions to find numbers divisible by m or n from a list of numbers.

Example:

div_of_nums(lst, m, n)
"
291,292,"একটি প্রদত্ত স্ট্রিংয়ে ছোট হাতের অক্ষর গণনা করার জন্য একটি পাইথন ফাংশন লিখুন।
Exammple:
lower_ctr(s)","def lower_ctr(s):
    return sum((1 for c in s if c.islower()))
","""[\""assert lower_ctr('abc') == 3\"", \""assert lower_ctr('string') == 6\"", \""assert lower_ctr('Python') == 5\""]""","Write a Python function to count the lowercase letters in a given string.

Example:
lower_ctr(s: str) -> int:
"
292,293,"একটি প্রদত্ত সংখ্যার তালিকায় পরপর ডুপ্লিকেট উপাদানগুলির ফ্রিকোয়েন্সি গণনা করার জন্য একটি ফাংশন লিখুন।
Exammple:
count_duplic(lst)","def count_duplic(lst):
    if not lst:
        return ([], [])
    elements = []
    counts = []
    current = lst[0]
    current_count = 1
    for num in lst[1:]:
        if num == current:
            current_count += 1
        else:
            elements.append(current)
            counts.append(current_count)
            current = num
            current_count = 1
    elements.append(current)
    counts.append(current_count)
    return (elements, counts)
","""['assert count_duplic([1,2,2,2,4,4,4,5,5,5,5])==([1, 2, 4, 5], [1, 3, 3, 4])', 'assert count_duplic([2,2,3,1,2,6,7,9])==([2, 3, 1, 2, 6, 7, 9], [2, 1, 1, 1, 1, 1, 1])', 'assert count_duplic([2,1,5,6,8,3,4,9,10,11,8,12])==([2, 1, 5, 6, 8, 3, 4, 9, 10, 11, 8, 12], [1, 1, 1, 1, 1, 1, 1, 1, 1, 1, 1, 1])']""","Write a function to count the frequency of consecutive duplicate elements in a given list of numbers.
Example:
count_duplic(lst: list) -> dict
"
293,294,"একটি ফাংশন লিখুন যা দিয়ে পরীক্ষা করা যায় যে, প্রদত্ত মাসের সংখ্যাটিতে ২৮ দিন আছে কি না।
Exammple:
check_monthnum_number(n)","def check_monthnum_number(n):
    return n == 2
","""['assert check_monthnum_number(2)==True', 'assert check_monthnum_number(1)==False', 'assert check_monthnum_number(3)==False']""","Write a function to check if a given month number has 28 days.

Example:

check_monthnum_number(n: int) -> bool
"
294,295,"একটি ফাংশন লিখুন যাতে দুটি অভিধান একক অভিব্যক্তিতে একত্রিত হয়।
Exammple:
merge_dictionaries(dct, dct2)","def merge_dictionaries(dct, dct2):
    return {**dct, **dct2}
","""['assert merge_dictionaries({ \""R\"": \""Red\"", \""B\"": \""Black\"", \""P\"": \""Pink\"" }, { \""G\"": \""Green\"", \""W\"": \""White\"" })=={\\'B\\': \\'Black\\', \\'R\\': \\'Red\\', \\'P\\': \\'Pink\\', \\'G\\': \\'Green\\', \\'W\\': \\'White\\'}', 'assert merge_dictionaries({ \""R\"": \""Red\"", \""B\"": \""Black\"", \""P\"": \""Pink\"" },{ \""O\"": \""Orange\"", \""W\"": \""White\"", \""B\"": \""Black\"" })=={\\'O\\': \\'Orange\\', \\'P\\': \\'Pink\\', \\'B\\': \\'Black\\', \\'W\\': \\'White\\', \\'R\\': \\'Red\\'}', 'assert merge_dictionaries({ \""G\"": \""Green\"", \""W\"": \""White\"" },{ \""O\"": \""Orange\"", \""W\"": \""White\"", \""B\"": \""Black\"" })=={\\'W\\': \\'White\\', \\'O\\': \\'Orange\\', \\'G\\': \\'Green\\', \\'B\\': \\'Black\\'}']""","Write a function that merges two dictionaries into a single expression.

Example:

merge_dictionaries(dct: dict, dct2: dict)
"
295,296,"পাসওয়ার্ডটি বৈধ হলে true রিটার্ন করার জন্য একটি ফাংশন লিখুন।
Exammple:
pass_validity(s)","def pass_validity(s):
    has_upper = any((c.isupper() for c in s))
    has_digit = any((c.isdigit() for c in s))
    return has_upper and has_digit
","""['assert pass_validity(\""password\"")==False', 'assert pass_validity(\""Password@10\"")==True', 'assert pass_validity(\""password@10\"")==False']""","Write a function that returns true if the password is valid.

Example:
def pass_validity(s):
"
296,297,"একটি ফাংশন লিখুন যা রেজেক্স ব্যবহার করে প্রদত্ত স্ট্রিংটি একটি সাবস্ট্রিং দিয়ে শুরু হয় কিনা তা পরীক্ষা করে।
Exammple:
check_substring(s, s2)","import re

def check_substring(s, s2):
    escaped = re.escape(s2)
    if re.match(f'^{escaped}', s):
        return 'string starts with the given substring'
    else:
        return 'string doesnt start with the given substring'
","""['assert check_substring(\""dreams for dreams makes life fun\"", \""makes\"") == \\'string doesnt start with the given substring\\'', 'assert check_substring(\""Hi there how are you Hi alex\"", \""Hi\"") == \\'string starts with the given substring\\'', 'assert check_substring(\""Its been a long day\"", \""been\"") == \\'string doesnt start with the given substring\\'']""","Write a function that checks if a given string starts with a substring using regex.

Example:
def check_substring(s: str, s2: str) -> bool:
"
297,298,"একটি প্রদত্ত তালিকা থেকে সম সংখ্যা অপসারণের জন্য একটি পাইথন ফাংশন লিখুন।
Exammple:
remove_even(lst)","def remove_even(lst):
    return [x for x in lst if x % 2 != 0]
","""['assert remove_even([1,3,5,2]) == [1,3,5]', 'assert remove_even([5,6,7]) == [5,7]', 'assert remove_even([1,2,3,4]) == [1,3]']""","Write a Python function to remove even numbers from a given list.
Example:
def remove_even(lst: list) -> list:
"
298,299,"একটি নির্দিষ্ট তালিকা থেকে নির্দিষ্ট সূচকের একাধিক উপাদান অ্যাক্সেস করার জন্য একটি পাইথন ফাংশন লিখুন।
Exammple:
access_elements(lst, lst2)","def access_elements(lst, lst2):
    return [lst[i] for i in lst2]
","""['assert access_elements([2,3,8,4,7,9],[0,3,5]) == [2, 4, 9]', 'assert access_elements([1, 2, 3, 4, 5],[1,2]) == [2,3]', 'assert access_elements([1,0,2,3],[0,1]) == [1,0]']""","Write a Python function to access multiple elements from a given list using specific indices.
Example:
```python
def access_elements(lst: list, indices: list) -> list:
```
"
299,300,"প্রদত্ত দিক থেকে ত্রিভুজের ধরন খুঁজে বের করার জন্য একটি পাইথন ফাংশন লিখুন।
Exammple:
check_Type_Of_Triangle(n, n2, n3)","def check_Type_Of_Triangle(n, n2, n3):
    a, b, c = sorted([n, n2, n3])
    sum_ab = a ** 2 + b ** 2
    c_sq = c ** 2
    if sum_ab == c_sq:
        return 'Right-angled Triangle'
    elif sum_ab < c_sq:
        return 'Obtuse-angled Triangle'
    else:
        return 'Acute-angled Triangle'
","""['assert check_Type_Of_Triangle(1,2,3) == \""Obtuse-angled Triangle\""', 'assert check_Type_Of_Triangle(2,2,2) == \""Acute-angled Triangle\""', 'assert check_Type_Of_Triangle(1,0,1) == \""Right-angled Triangle\""']""","Write a Python function to find the type of triangle given its sides.

Example:
def check_Type_Of_Triangle(n, n2, n3):
"
300,301,"একটি নির্দিষ্ট তালিকার একটি নির্দিষ্ট কলামের যোগফলের জন্য একটি ফাংশন লিখুন।
Exammple:
sum_column(lst, n)","def sum_column(lst, n):
    """"""একটি নির্দিষ্ট তালিকার একটি নির্দিষ্ট কলামের যোগফলের জন্য একটি ফাংশন লিখুন।

Translated: Write a function to calculate the sum of a specific column in a given list.

Args:
    lst (<class 'list'>): Example: [[1, 2, 3, 2], [4, 5, 6, 2], [7, 8, 9, 5]]
    n (<class 'int'>): Example: 0

Returns:
    <class 'int'>: Example: 12

Example:
    >>> sum_column([[1, 2, 3, 2], [4, 5, 6, 2], [7, 8, 9, 5]], 0)
    12
""""""
    return sum((row[n] for row in lst))
","""['assert sum_column( [[1,2,3,2],[4,5,6,2],[7,8,9,5],],0)==12', 'assert sum_column( [[1,2,3,2],[4,5,6,2],[7,8,9,5],],1)==15', 'assert sum_column( [[1,2,3,2],[4,5,6,2],[7,8,9,5],],3)==9']""","Write a function to calculate the sum of a specific column in a given list.
Example:
def sum_column(lst: list, n: int) -> int:
"
301,302,"একটি প্রদত্ত স্ট্রিং-এ বর্ণমালা, সংখ্যা এবং বিশেষ অক্ষর গণনা করার জন্য একটি ফাংশন লিখুন।
Exammple:
count_alpha_dig_spl(s)","def count_alpha_dig_spl(s):
    alpha = 0
    digit = 0
    special = 0
    for c in s:
        if c.isalpha():
            alpha += 1
        elif c.isdigit():
            digit += 1
        else:
            special += 1
    return (alpha, digit, special)
","""['assert count_alpha_dig_spl(\""abc!@#123\"")==(3,3,3)', 'assert count_alpha_dig_spl(\""dgsuy@#$%&1255\"")==(5,4,5)', 'assert count_alpha_dig_spl(\""fjdsif627348#%$^&\"")==(6,6,5)']""","Write a function to count the number of alphabets, digits, and special characters in a given string.

Example:
```python
def count_alpha_dig_spl(s: str) -> tuple[int, int, int]:
  # Function implementation here
  pass
```
"
302,303,"প্রদত্ত ক্রমের দ্বিতীয় সর্বাধিক পুনরাবৃত্ত (বা ঘন ঘন) স্ট্রিং খুঁজে বের করার জন্য একটি ফাংশন লিখুন।
Exammple:
second_frequent(lst)","from collections import Counter

def second_frequent(lst):
    counts = Counter(lst)
    freq = sorted(counts.values(), reverse=True)
    unique_freq = sorted(set(freq), reverse=True)
    target = unique_freq[1]
    candidates = [k for k, v in counts.items() if v == target]
    return candidates[0]
","""[\""assert second_frequent(['aaa','bbb','ccc','bbb','aaa','aaa']) == 'bbb'\"", \""assert second_frequent(['abc','bcd','abc','bcd','bcd','bcd']) == 'abc'\"", \""assert second_frequent(['cdma','gsm','hspa','gsm','cdma','cdma']) == 'gsm'\""]""","Write a function to find the second most repeated (or frequent) string in a given sequence.
Example:
def second_frequent(lst: list[str]) -> str:
"
303,304,"একটি সংখ্যাকে নির্দিষ্ট সংখ্যায় গোলাকার করার জন্য একটি ফাংশন লিখুন।
Exammple:
round_up(n, n2)","import math

def round_up(n, n2):
    factor = 10 ** n2
    scaled = math.ceil(n * factor)
    result = scaled / factor
    return int(result) if n2 == 0 else result
","""['assert round_up(123.01247,0)==124', 'assert round_up(123.01247,1)==123.1', 'assert round_up(123.01247,2)==123.02']""","Write a function to round a number up to a specified number of decimal places.

Example:
round_up(number, decimals)
"
304,305,"প্রদত্ত অ্যারে থেকে সমান উপাদান জোড়া গণনা করার জন্য একটি পাইথন ফাংশন লিখুন।
Exammple:
count_Pairs(lst, n)","def count_Pairs(lst, n):
    freq = {}
    for num in lst:
        freq[num] = freq.get(num, 0) + 1
    total = 0
    for count in freq.values():
        total += count * (count - 1) // 2
    return total
","""['assert count_Pairs([1,1,1,1],4) == 6', 'assert count_Pairs([1,5,1],3) == 1', 'assert count_Pairs([3,2,1,7,8,9],6) == 0']""","Write a Python function to count pairs of equal elements from a given array.

Example:

count_Pairs(lst: list, n: int)
"
305,306,"রেজেক্স ব্যবহার করে একটি স্ট্রিং থেকে সর্বোচ্চ সংখ্যাসূচক মান বের করার জন্য একটি ফাংশন লিখুন।
Exammple:
extract_max(s)","import re

def extract_max(s):
    numbers = re.findall('\\d+', s)
    if not numbers:
        return 0
    return max((int(num) for num in numbers))
","""[\""assert extract_max('100klh564abc365bg') == 564\"", \""assert extract_max('hello300how546mer231') == 546\"", \""assert extract_max('its233beenalong343journey234') == 343\""]""","Write a function to extract the maximum numerical value from a string using regular expressions.

Example:
extract_max(s: str) -> int:
"
306,307,"একটি তালিকা হিসাবে অভিধান কী পেতে একটি ফাংশন লিখুন।
Exammple:
get_key(dct)","def get_key(dct):
    return list(dct.keys())
","""[\""assert get_key({1:'python',2:'java'})==[1,2]\"", \""assert get_key({10:'red',20:'blue',30:'black'})==[10,20,30]\"", \""assert get_key({27:'language',39:'java',44:'little'})==[27,39,44]\""]""","Write a function to get the keys of a dictionary as a list.
Example:
get_key(dct: dict) -> list:
"
307,308,"একটি বর্গক্ষেত্রীয় ম্যাট্রিক্স তৈরি করতে একটি ফাংশন লিখুন যা 1 থেকে n পর্যন্ত উপাদান দিয়ে ভরা থাকে যা 2 এর শক্তিতে সর্পিল ক্রমে উত্থাপিত হয়।
Exammple:
generate_matrix(n)","def generate_matrix(n):
    matrix = [[0 for _ in range(n)] for _ in range(n)]
    top = 0
    bottom = n - 1
    left = 0
    right = n - 1
    num = 1
    while top <= bottom and left <= right:
        for col in range(left, right + 1):
            matrix[top][col] = num
            num += 1
        top += 1
        for row in range(top, bottom + 1):
            matrix[row][right] = num
            num += 1
        right -= 1
        if top <= bottom:
            for col in range(right, left - 1, -1):
                matrix[bottom][col] = num
                num += 1
            bottom -= 1
        if left <= right and top <= bottom:
            for row in range(bottom, top - 1, -1):
                matrix[row][left] = num
                num += 1
            left += 1
    return matrix
","""['assert generate_matrix(3)==[[1, 2, 3], [8, 9, 4], [7, 6, 5]] ', 'assert generate_matrix(2)==[[1,2],[4,3]]', 'assert generate_matrix(7)==[[1, 2, 3, 4, 5, 6, 7], [24, 25, 26, 27, 28, 29, 8], [23, 40, 41, 42, 43, 30, 9], [22, 39, 48, 49, 44, 31, 10], [21, 38, 47, 46, 45, 32, 11], [20, 37, 36, 35, 34, 33, 12], [19, 18, 17, 16, 15, 14, 13]]']""","Write a function to create a square matrix of size n x n, filled with elements from 1 to n², raised to the power of 2, in a spiral order.

Example:
def generate_matrix(n: int) -> list[list[int]]:
"
308,309,"একটি লাইনের ঢাল খুঁজে পেতে একটি পাইথন ফাংশন লিখুন।
Exammple:
slope(n, n2, n3, n4)","def slope(n, n2, n3, n4):
    return (n4 - n2) / (n3 - n)
","""['assert slope(4,2,2,5) == -1.5', 'assert slope(2,4,4,6) == 1', 'assert slope(1,2,4,2) == 0']""","Write a Python function to find the slope of a line.

Example:
slope(x1, y1, x2, y2)
"
309,310,"একটি ফাংশন লিখুন যাতে সর্বোচ্চ যোগফলের সাথে সাব-অ্যারের দৈর্ঘ্য খুঁজে পাওয়া যায়।
Exammple:
max_sub_array_sum(lst, n)","def max_sub_array_sum(lst, n):
    if not lst:
        return 0
    current_sum = lst[0]
    current_length = 1
    max_sum = current_sum
    max_length = current_length
    for num in lst[1:]:
        temp_sum = current_sum + num
        if temp_sum >= num:
            current_sum = temp_sum
            current_length += 1
        else:
            current_sum = num
            current_length = 1
        if current_sum > max_sum:
            max_sum = current_sum
            max_length = current_length
        elif current_sum == max_sum:
            if current_length > max_length:
                max_length = current_length
    return max_length
","""['assert max_sub_array_sum([-2, -3, 4, -1, -2, 1, 5, -3],8) == 5', 'assert max_sub_array_sum([1, -2, 1, 1, -2, 1],6) == 2', 'assert max_sub_array_sum([-1, -2, 3, 4, 5],5) == 3']""","Write a function to find the length of the subarray with the maximum sum.

Example:
max_sub_array_sum(lst: list, n: int)
"
310,311,"প্রথম n অদ্ভুত প্রাকৃতিক সংখ্যার ঘনক্ষেত্র সমষ্টি খুঁজে বের করার জন্য একটি পাইথন ফাংশন লিখুন।
Exammple:
cube_Sum(n)","def cube_Sum(n):
    return n ** 2 * (2 * n ** 2 - 1)
","""['assert cube_Sum(2) == 28', 'assert cube_Sum(3) == 153', 'assert cube_Sum(4) == 496']""","Write a Python function to find the sum of cubes of the first n odd natural numbers.

Example:
cube_Sum(n: int) -> int:
"
311,312,"একটি পাইথন ফাংশন লিখুন যাতে দুইটি বাইনারি স্ট্রিং সমান করতে ন্যূনতম সংখ্যক স্যুইপ প্রয়োজন হয়।
Exammple:
min_Swaps(s, s2)","def min_Swaps(s, s2):
    x = 0
    y = 0
    for a, b in zip(s, s2):
        if a == '0' and b == '1':
            x += 1
        elif a == '1' and b == '0':
            y += 1
    return (x + y) // 2 + x % 2 * (y % 2)
","""['assert min_Swaps(\""0011\"",\""1111\"") == 1', 'assert min_Swaps(\""00011\"",\""01001\"") == 2', 'assert min_Swaps(\""111\"",\""111\"") == 0']""","Write a Python function to find the minimum number of swaps needed to make two binary strings equal.

Example:

```python
def min_Swaps(s: str, s2: str) -> int:
```
"
312,313,"একটি ফাংশন লিখুন যাতে প্রতিটি টুপলের প্রথম আইটেম দ্বারা টুপলগুলিকে বর্ণানুক্রমিকভাবে সাজানো যায়।
Exammple:
sort_tuple(lst)","def sort_tuple(lst):
    return sorted(lst, key=lambda x: x[0])
","""['assert sort_tuple([(\""Amana\"", 28), (\""Zenat\"", 30), (\""Abhishek\"", 29),(\""Nikhil\"", 21), (\""B\"", \""C\"")]) == [(\\'Abhishek\\', 29), (\\'Amana\\', 28), (\\'B\\', \\'C\\'), (\\'Nikhil\\', 21), (\\'Zenat\\', 30)]', 'assert sort_tuple([(\""aaaa\"", 28), (\""aa\"", 30), (\""bab\"", 29), (\""bb\"", 21), (\""csa\"", \""C\"")]) == [(\\'aa\\', 30), (\\'aaaa\\', 28), (\\'bab\\', 29), (\\'bb\\', 21), (\\'csa\\', \\'C\\')]', 'assert sort_tuple([(\""Sarala\"", 28), (\""Ayesha\"", 30), (\""Suman\"", 29),(\""Sai\"", 21), (\""G\"", \""H\"")]) == [(\\'Ayesha\\', 30), (\\'G\\', \\'H\\'), (\\'Sai\\', 21), (\\'Sarala\\', 28), (\\'Suman\\', 29)]']""","Write a function that sorts a list of tuples alphabetically based on the first item of each tuple.

Example:
def sort_tuple(lst: list[tuple]) -> list[tuple]:
"
313,314,"একটি চতুর্ভুজ সমীকরণের মূল সংখ্যাগতভাবে সমান কিন্তু চিহ্নের ক্ষেত্রে বিপরীত কিনা তা পরীক্ষা করার জন্য একটি পাইথন ফাংশন লিখুন।
Exammple:
Check_Solution(n, n2, n3)","def Check_Solution(n, n2, n3):
    return 'Yes' if n2 == 0 else 'No'
","""['assert Check_Solution(2,0,-1) == \""Yes\""', 'assert Check_Solution(1,-5,6) == \""No\""', 'assert Check_Solution(2,0,2) == \""Yes\""']""","Write a Python function to check if the roots of a quadratic equation are numerically equal but opposite in sign.

Example:
Check_Solution(a, b, c)
"
314,315,"প্রদত্ত অ্যারেতে বিপরীত সংখ্যা গণনা করার জন্য একটি ফাংশন লিখুন।
Exammple:
get_inv_count(lst, n)","def get_inv_count(lst, n):
    count = 0
    for i in range(n):
        for j in range(i + 1, n):
            if lst[i] > lst[j]:
                count += 1
    return count
","""['assert get_inv_count([1, 20, 6, 4, 5], 5) == 5', 'assert get_inv_count([8, 4, 2, 1], 4) == 6', 'assert get_inv_count([3, 1, 2], 3) == 2']""","Write a function to count the number of inversions in a given array.
Example:
```python
def get_inv_count(lst: list, n: int) -> int:
```
"
315,316,"প্রদত্ত অ্যারেতে অদ্ভুত সংখ্যক বার ঘটে এমন সংখ্যাটি খুঁজে বের করার জন্য একটি ফাংশন লিখুন।
Exammple:
get_odd_occurence(lst, n)","def get_odd_occurence(lst, n):
    counts = {}
    for num in lst:
        counts[num] = counts.get(num, 0) + 1
    for key, val in counts.items():
        if val % 2 != 0:
            return key
    return None
","""['assert get_odd_occurence([2, 3, 5, 4, 5, 2, 4, 3, 5, 2, 4, 4, 2], 13) == 5', 'assert get_odd_occurence([1, 2, 3, 2, 3, 1, 3], 7) == 3', 'assert get_odd_occurence([5, 7, 2, 7, 5, 2, 5], 7) == 5']""","Write a function to find the number that occurs an odd number of times in the given array.
Example:
def get_odd_occurrence(lst: list[int], n: int) -> int:
"
316,317,"একটি ফাংশন লিখুন যা হিপ ক্যু অ্যালগরিদম ব্যবহার করে k আকারের একটি প্রদত্ত প্রধান তালিকা থেকে n তম সুপার কুৎসিত সংখ্যাটি খুঁজে বের করে।
Exammple:
nth_super_ugly_number(n, lst)","import heapq

def nth_super_ugly_number(n, lst):
    heap = [1]
    seen = {1}
    primes = lst
    for _ in range(n - 1):
        current = heapq.heappop(heap)
        for p in primes:
            new_num = current * p
            if new_num not in seen:
                seen.add(new_num)
                heapq.heappush(heap, new_num)
    return heapq.heappop(heap)
","""['assert nth_super_ugly_number(12,[2,7,13,19])==32', 'assert nth_super_ugly_number(10,[2,7,13,19])==26', 'assert nth_super_ugly_number(100,[2,7,13,19])==5408']""","Write a function that uses the heap queue algorithm to find the nth super ugly number from a given list of primes of size k.
Example:

def nth_super_ugly_number(n: int, primes: list[int]) -> int:
"
317,318,"প্রথমে অদ্ভুত উপাদান এবং তারপর এমনকি উপাদান ধারণকারী একটি অ্যারেতে kth উপাদান খুঁজে পেতে একটি পাইথন ফাংশন লিখুন।
Exammple:
get_Number(n, n2)","def get_Number(n, n2):
    odds = list(range(1, n + 1, 2))
    evens = list(range(2, n + 1, 2))
    combined = odds + evens
    return combined[n2 - 1]
","""['assert get_Number(8,5) == 2', 'assert get_Number(7,2) == 3', 'assert get_Number(5,2) == 3']""","Write a Python function to find the kth element in an array that contains odd elements first, followed by even elements.

Example:

```python
def get_Number(arr: list[int], k: int) -> int:
```
"
318,319,"একটি প্রদত্ত সংখ্যার ফ্যাক্টরিয়ালের সংখ্যা গণনা করার জন্য একটি পাইথন ফাংশন লিখুন।
Exammple:
find_Digits(n)","import math

def find_Digits(n):
    if n < 0:
        return 0
    if n == 0 or n == 1:
        return 1
    sum_log = 0.0
    for k in range(2, n + 1):
        sum_log += math.log10(k)
    return int(sum_log // 1 + 1)
","""['assert find_Digits(7) == 4', 'assert find_Digits(5) == 3', 'assert find_Digits(4) == 2']""","Write a Python function to calculate the number of digits in the factorial of a given number.

Example:

```python
def find_Digits(n: int) -> int:
  # Function implementation here
  pass
```
"
319,320,"রেলওয়ে/বাস স্টেশনের জন্য প্রয়োজনীয় ন্যূনতম প্ল্যাটফর্মের সংখ্যা খুঁজে বের করার জন্য একটি ফাংশন লিখুন।
Exammple:
find_platform(lst, lst2, n)","import heapq

def find_platform(lst, lst2, n):
    events = sorted(zip(lst, lst2), key=lambda x: x[0])
    heap = []
    max_platforms = 0
    for arrival, departure in events:
        while heap and heap[0] <= arrival:
            heapq.heappop(heap)
        heapq.heappush(heap, departure)
        current = len(heap)
        if current > max_platforms:
            max_platforms = current
    return max_platforms
","""['assert find_platform([900, 940, 950, 1100, 1500, 1800],[910, 1200, 1120, 1130, 1900, 2000],6)==3', 'assert find_platform([100,200,300,400],[700,800,900,1000],4)==4', 'assert find_platform([5,6,7,8],[4,3,2,1],4)==1']""","Write a function to find the minimum number of platforms required for a railway/bus station.
Example:
find_platform(arrival, departure, n)
"
320,321,"একটি সিঙ্গেলটন টিপল থেকে একটি তালিকা কপি করার জন্য একটি পাইথন ফাংশন লিখুন।
Exammple:
lcopy(lst)","def lcopy(lst):
    return lst[:]
","""['assert lcopy([1, 2, 3]) == [1, 2, 3]', 'assert lcopy([4, 8, 2, 10, 15, 18]) == [4, 8, 2, 10, 15, 18]', 'assert lcopy([4, 5, 6]) == [4, 5, 6]\\n']""","Write a Python function to copy a list from a singleton tuple.

Example:

lcopy(lst: tuple) -> list:
"
321,322,"একটি ট্র্যাপিসিয়ামের ক্ষেত্রফল খুঁজে বের করার জন্য একটি ফাংশন লিখুন।
Exammple:
area_trapezium(n, n2, n3)","def area_trapezium(n, n2, n3):
    return (n + n2) * n3 // 2
","""['assert area_trapezium(6,9,4)==30', 'assert area_trapezium(10,20,30)==450', 'assert area_trapezium(15,25,35)==700']""","Write a function to find the area of a trapezium.

Example:

area_trapezium(base1, base2, height)
"
322,323,"একটি প্রদত্ত সংখ্যার সকল অক্ষরের বিভাজককে সমষ্টি হিসেবে খুঁজে বের করার জন্য একটি পাইথন ফাংশন লিখুন।
Exammple:
Sum(n)","def Sum(n):
    total = 0
    for d in str(n):
        digit = int(d)
        if digit == 0:
            continue
        div_sum = 0
        for i in range(1, digit + 1):
            if digit % i == 0:
                div_sum += i
        if digit > 5:
            if digit % 2 == 0:
                div_sum -= 2
            else:
                div_sum -= 1
        total += div_sum
    return total
","""['assert Sum(60) == 10', 'assert Sum(39) == 16', 'assert Sum(40) == 7']""","Write a Python function to find the sum of the divisors of all the digits of a given number.

Example:
def sum_of_digit_divisors(n: int) -> int:
"
323,324,"একটি ফাংশন লিখুন যা দিয়ে আমরা যাচাই করতে পারি যে, প্রদত্ত কোণগুলো দিয়ে ধনাত্মক ক্ষেত্রফলের ত্রিভুজ তৈরি করা সম্ভব কিনা।
Exammple:
is_triangleexists(n, n2, n3)","def is_triangleexists(n, n2, n3):
    """"""একটি ফাংশন লিখুন যা দিয়ে যাচাই করতে পাইছে যে দিয়ে ধনাত্মক ক্ষেত্রফলের ত্রিভুজ তৈরি করা সম্ভব কিনা।
    Translated: Write a function to check if it is possible to form a triangle with positive area given the angles.""""""
    return (n > 0 and n2 > 0 and (n3 > 0)) and n + n2 + n3 == 180
","""['assert is_triangleexists(50,60,70)==True', 'assert is_triangleexists(90,45,45)==True', 'assert is_triangleexists(150,30,70)==False']""","Write a function that allows us to verify whether it is possible to form a triangle with a positive area given the provided angles.

Example:
```python
def is_triangle_exists(n1, n2, n3):
```
"
324,325,"বিভাজকগুলির বিপরীতের যোগফল খুঁজে পেতে একটি পাইথন ফাংশন লিখুন।
Exammple:
Sum_of_Inverse_Divisors(n, n2)","def Sum_of_Inverse_Divisors(n, n2):
    divisors = []
    for i in range(1, n + 1):
        if n % i == 0:
            divisors.append(i)
    sum_reciprocal = sum((1.0 / d for d in divisors))
    sum_divisors = sum(divisors)
    result = sum_reciprocal * n2 / sum_divisors
    return round(result, 2)
","""['assert Sum_of_Inverse_Divisors(6,12) == 2', 'assert Sum_of_Inverse_Divisors(9,13) == 1.44', 'assert Sum_of_Inverse_Divisors(1,4) == 4']""","Write a Python function to find the sum of the inverses of the divisors.

Example:
Sum_of_Inverse_Divisors(n: int) -> float
"
325,326,"একটি তালিকা থেকে নেতিবাচক সংখ্যা অপসারণের জন্য একটি পাইথন ফাংশন লিখুন।
Exammple:
remove_negs(lst)","def remove_negs(lst):
    return [x for x in lst if x >= 0]
","""['assert remove_negs([1,-2,3,-4]) == [1,3]', 'assert remove_negs([1,2,3,-4]) == [1,2,3]', 'assert remove_negs([4,5,-6,7,-8]) == [4,5,7]']""","Write a Python function to remove negative numbers from a list.

Example:
remove_negs(lst: list) -> list:
"
326,327,"একটি সংখ্যার অদ্ভুত গুণকের যোগফল খুঁজে বের করার জন্য একটি পাইথন ফাংশন লিখুন।
Exammple:
sum_of_odd_Factors(n)","def sum_of_odd_Factors(n):
    m = n
    while m % 2 == 0:
        m //= 2
    total = 0
    for i in range(1, m + 1):
        if m % i == 0:
            total += i
    return total
","""['assert sum_of_odd_Factors(30) == 24', 'assert sum_of_odd_Factors(18) == 13', 'assert sum_of_odd_Factors(2) == 1']""","Write a Python function to find the sum of the odd factors of a number.

Example:
def sum_of_odd_factors(n):
"
327,328,"একটি ফাংশন লিখুন যা একটি নির্বিচারে তালিকা গ্রহণ করে এবং এটিকে হিপ ক্যু অ্যালগরিদম ব্যবহার করে একটি হিপে রূপান্তর করে।
Exammple:
raw_heap(lst)","import heapq

def raw_heap(lst):
    heap = list(lst)
    heapq.heapify(heap)
    return heap
","""['assert raw_heap([25, 44, 68, 21, 39, 23, 89])==[21, 25, 23, 44, 39, 68, 89]', 'assert raw_heap([25, 35, 22, 85, 14, 65, 75, 25, 58])== [14, 25, 22, 25, 35, 65, 75, 85, 58]', 'assert raw_heap([4, 5, 6, 2])==[2, 4, 6, 5]']""","Write a function that accepts an arbitrary list and transforms it into a heap using the heap queue algorithm.

Example:

```python
def raw_heap(lst: list):
  # Function implementation here
  pass
```
"
328,329,"একটি প্রদত্ত সংখ্যার সমতা পরীক্ষা করার জন্য একটি পাইথন ফাংশন লিখুন।
Exammple:
check_Even_Parity(n)","def check_Even_Parity(n):
    return n % 2 == 0
","""['assert check_Even_Parity(10) == True', 'assert check_Even_Parity(11) == False', 'assert check_Even_Parity(18) == True']""","Write a Python function to check the parity of a given number.

Example:

check_Even_Parity(n: int) -> bool:
"
329,330,"বাইনারি অ্যারে বাছাই করার জন্য প্রয়োজনীয় ন্যূনতম সংলগ্ন সোয়াপগুলি খুঁজে পেতে একটি পাইথন ফাংশন লিখুন।
Exammple:
find_Min_Swaps(lst, n)","def find_Min_Swaps(lst, n):
    zeros = [i for i, x in enumerate(lst) if x == 0]
    return sum((pos - i for i, pos in enumerate(zeros)))
","""['assert find_Min_Swaps([1,0,1,0],4) == 3', 'assert find_Min_Swaps([0,1,0],3) == 1', 'assert find_Min_Swaps([0,0,1,1,0],5) == 2']""","Write a Python function to find the minimum number of adjacent swaps required to sort a binary array.

Example:
```python
def find_Min_Swaps(lst: list[int], n: int) -> int:
```
"
330,331,"মানচিত্র ফাংশন ব্যবহার করে প্রদত্ত স্ট্রিংগুলির তালিকা পৃথকভাবে তালিকাভুক্ত করার জন্য একটি ফাংশন লিখুন।
Exammple:
listify_list(lst)","def listify_list(lst):
    return list(map(lambda s: list(s), lst))
","""[\""assert listify_list(['Red', 'Blue', 'Black', 'White', 'Pink'])==[['R', 'e', 'd'], ['B', 'l', 'u', 'e'], ['B', 'l', 'a', 'c', 'k'], ['W', 'h', 'i', 't', 'e'], ['P', 'i', 'n', 'k']]\"", \""assert listify_list(['python'])==[['p', 'y', 't', 'h', 'o', 'n']]\"", \""assert listify_list([' red ', 'green',' black', 'blue ',' orange', 'brown'])==[[' ', 'r', 'e', 'd', ' '], ['g', 'r', 'e', 'e', 'n'], [' ', 'b', 'l', 'a', 'c', 'k'], ['b', 'l', 'u', 'e', ' '], [' ', 'o', 'r', 'a', 'n', 'g', 'e'], ['b', 'r', 'o', 'w', 'n']]\""]""","Write a function to listify the given list of strings individually using the map function.
Example:
listify_list(lst: list[str]) -> list[list[str]]
"
331,332,"একটি তালিকা লিখুন যা একটি তালিকা তালিকা এবং গণনা বর্গক্ষেত্রের তালিকা গণনা করে।
Exammple:
count_list(lst)","def count_list(lst):
    return len(lst) ** 2
","""['assert count_list([[0], [1, 3], [5, 7], [9, 11], [13, 15, 17]])==25', 'assert count_list([[1, 3], [5, 7], [9, 11], [13, 15, 17]] )==16', 'assert count_list([[2, 4], [[6,8], [4,5,8]], [10, 12, 14]])==9']""","Write a function that takes a list of lists and returns a list containing the number of elements in each sublist.

Example:

```python
def count_list(lst: list[list]) -> list[int]:
```
"
332,333,"একটি প্রদত্ত তালিকার সব উপ-তালিকা তৈরি করতে একটি ফাংশন লিখুন।
Exammple:
sub_lists(lst)","import itertools

def sub_lists(lst):
    result = []
    for k in range(len(lst) + 1):
        for combo in itertools.combinations(lst, k):
            result.append(list(combo))
    return result
","""['assert sub_lists([10, 20, 30, 40])==[[], [10], [20], [30], [40], [10, 20], [10, 30], [10, 40], [20, 30], [20, 40], [30, 40], [10, 20, 30], [10, 20, 40], [10, 30, 40], [20, 30, 40], [10, 20, 30, 40]]', \""assert sub_lists(['X', 'Y', 'Z'])==[[], ['X'], ['Y'], ['Z'], ['X', 'Y'], ['X', 'Z'], ['Y', 'Z'], ['X', 'Y', 'Z']]\"", 'assert sub_lists([1,2,3])==[[],[1],[2],[3],[1,2],[1,3],[2,3],[1,2,3]]']""","Write a function to generate all sublists of a given list.

Example:

def sub_lists(lst: list) -> list[list]:
"
333,334,"প্রদত্ত স্ট্রিংটি শুধুমাত্র আলফানিউমেরিক অক্ষর দিয়ে শেষ হচ্ছে কিনা তা পরীক্ষা করার জন্য একটি ফাংশন লিখুন অথবা রেজেক্স ব্যবহার করবেন না।
Exammple:
check_alphanumeric(s)","def check_alphanumeric(s):
    if not s:
        return 'Discard'
    return 'Accept' if s[-1].isalnum() else 'Discard'
","""['assert check_alphanumeric(\""dawood@\"") == \\'Discard\\'', 'assert check_alphanumeric(\""skdmsam326\"") == \\'Accept\\'', 'assert check_alphanumeric(\""cooltricks@\"") == \\'Discard\\'']""","Write a function to check if a given string ends with only alphanumeric characters. Do not use regex.

Example:
def check_alphanumeric(s: str) -> bool:
"
334,335,"ল্যাম্বদা ফাংশন ব্যবহার করে স্ট্রিংগুলির একটি প্রদত্ত তালিকায় একটি স্ট্রিংয়ের সমস্ত অ্যানগ্রাম খুঁজে পেতে একটি ফাংশন লিখুন।
Exammple:
anagram_lambda(lst, s)","def anagram_lambda(lst, s):
    target = sorted(s)
    return list(filter(lambda x: sorted(x) == target, lst))
","""['assert anagram_lambda([\""bcda\"", \""abce\"", \""cbda\"", \""cbea\"", \""adcb\""],\""abcd\"")==[\\'bcda\\', \\'cbda\\', \\'adcb\\']', 'assert anagram_lambda([\""recitals\"",\"" python\""], \""articles\"" )==[\""recitals\""]', 'assert anagram_lambda([\"" keep\"",\"" abcdef\"",\"" xyz\""],\"" peek\"")==[\"" keep\""]']""","Write a function that uses lambda functions to find all anagrams of a given string within a list of strings.

Example:

def anagram_lambda(lst: list[str], s: str) -> list[str]:
"
335,336,"একটি নির্দিষ্ট পাঠে n টি সর্বাধিক সাধারণ শব্দের উপস্থিতি খুঁজে বের করার জন্য একটি ফাংশন লিখুন।
Exammple:
n_common_words(s, n)","def n_common_words(s, n):
    words = s.split()
    if not words:
        return []
    first_occurrence = {}
    for idx, word in enumerate(words):
        if word not in first_occurrence:
            first_occurrence[word] = idx
    freq = {}
    for word in words:
        freq[word] = freq.get(word, 0) + 1
    unique_words = list(freq.keys())
    unique_words.sort(key=lambda x: (-freq[x], first_occurrence[x]))
    top_n = unique_words[:n]
    return [(word, freq[word]) for word in top_n]
","""['assert n_common_words(\""python is a programming language\"",1)==[(\\'python\\', 1)]', 'assert n_common_words(\""python is a programming language\"",1)==[(\\'python\\', 1)]', 'assert n_common_words(\""python is a programming language\"",5)==[(\\'python\\', 1),(\\'is\\', 1), (\\'a\\', 1), (\\'programming\\', 1), (\\'language\\', 1)]']""","Write a function to find the occurrences of the n most common words in a given text.
Example:
n_common_words(s: str, n: int)
"
336,337,"একটি ফাংশন লিখুন যাতে দীর্ঘতম উপ-অনুক্রমের দৈর্ঘ্য পাওয়া যায় যাতে উপ-অনুক্রমের উপাদানগুলি পরপর পূর্ণসংখ্যা হয়।
Exammple:
find_longest_conseq_subseq(lst, n)","def find_longest_conseq_subseq(lst, n):
    num_set = set(lst)
    max_length = 0
    for num in num_set:
        if num - 1 not in num_set:
            current = num
            count = 1
            while current + 1 in num_set:
                current += 1
                count += 1
            max_length = max(max_length, count)
    return max_length
","""['assert find_longest_conseq_subseq([1, 2, 2, 3], 4) == 3', 'assert find_longest_conseq_subseq([1, 9, 3, 10, 4, 20, 2], 7) == 4', 'assert find_longest_conseq_subseq([36, 41, 56, 35, 44, 33, 34, 92, 43, 32, 42], 11) == 5']""","Write a function to find the length of the longest subsequence such that the elements in the subsequence are consecutive integers.

Example:
find_longest_conseq_subseq(lst: list[int], n: int) -> int:
"
337,338,"ল্যাম্বদা ফাংশন ব্যবহার করে স্ট্রিংগুলির একটি প্রদত্ত তালিকায় প্যালিনড্রোমগুলি খুঁজে পেতে একটি ফাংশন লিখুন।
Exammple:
palindrome_lambda(lst)","def palindrome_lambda(lst):
    return list(filter(lambda s: s == s[::-1], lst))
","""['assert palindrome_lambda([\""php\"", \""res\"", \""Python\"", \""abcd\"", \""Java\"", \""aaa\""])==[\\'php\\', \\'aaa\\']', 'assert palindrome_lambda([\""abcd\"", \""Python\"", \""abba\"", \""aba\""])==[\\'abba\\', \\'aba\\']', 'assert palindrome_lambda([\""abcd\"", \""abbccbba\"", \""abba\"", \""aba\""])==[\\'abbccbba\\', \\'abba\\', \\'aba\\']']""","Write a function to find palindromes in a given list of strings using a lambda function.
Example:
def palindrome_lambda(lst: list[str]) -> list[str]:
"
338,339,"মানচিত্র ফাংশন ব্যবহার করে একটি তালিকা n-বার প্রিন্ট করার জন্য একটি ফাংশন লিখুন।
Exammple:
ntimes_list(lst, n)","def ntimes_list(lst, n):
    return list(map(lambda x: x * n, lst))
","""['assert ntimes_list([1, 2, 3, 4, 5, 6, 7],3)==[3, 6, 9, 12, 15, 18, 21]', 'assert ntimes_list([1, 2, 3, 4, 5, 6, 7],4)==[4, 8, 12, 16, 20, 24, 28]', 'assert ntimes_list([1, 2, 3, 4, 5, 6, 7],10)==[10, 20, 30, 40, 50, 60, 70]']""","Write a function to print a list `n` times using the `map` function.

Example:
```python
def ntimes_list(lst, n):
```
"
339,340,"একটি ফাংশন লিখুন যা দিয়ে পরীক্ষা করা যায় যে প্রদত্ত মাসের নামটিতে ৩১ দিন আছে কি না।
Exammple:
check_monthnumb(s)","def check_monthnumb(s):
    return s in {'January', 'March', 'May', 'July', 'August', 'October', 'December'}
","""['assert check_monthnumb(\""February\"")==False', 'assert check_monthnumb(\""January\"")==True', 'assert check_monthnumb(\""March\"")==True']""","Write a function that checks if a given month name has 31 days.

Example:

def check_month(month_name):
"
340,341,"একটি পাইথন ফাংশন লিখুন যাতে একটি ন্যূনতম সংখ্যা যোগ করা যায় যাতে অ্যারের যোগফলটি এমনকি হয়।
Exammple:
min_Num(lst, n)","def min_Num(lst, n):
    sum_subset = sum(lst[:n])
    req_par = sum_subset % 2
    for x in range(1, n + 1):
        if x % 2 == req_par:
            return x
    return -1
","""['assert min_Num([1,2,3,4,5,6,7,8,9],9) == 1', 'assert min_Num([1,2,3,4,5,6,7,8],8) == 2', 'assert min_Num([1,2,3],3) == 2']""","Write a Python function that adds a minimum number to make the sum of an array even.

Example:

def min_Num(lst: list[int], n: int) -> int:
"
341,342,"একটি প্রদত্ত স্ট্রিংয়ের শেষ শব্দের দৈর্ঘ্য খুঁজে পেতে একটি পাইথন ফাংশন লিখুন।
Exammple:
length_Of_Last_Word(s)","def length_Of_Last_Word(s):
    words = s.split()
    if not words:
        return 0
    return len(words[-1])
","""['assert length_Of_Last_Word(\""python language\"") == 8', 'assert length_Of_Last_Word(\""PHP\"") == 3', 'assert length_Of_Last_Word(\""\"") == 0']""","Write a Python function to find the length of the last word of a given string.

Example:
def length_of_last_word(s: str) -> int:
"
342,343,"একটি প্রদত্ত তালিকা থেকে একটি ফাংশন লিখুন যা একটি প্রদত্ত পরিসরের বাইরে থাকা তালিকা থেকে উপ-তালিকা সরিয়ে ফেলবে।
Exammple:
remove_list_range(lst, n, n2)","def remove_list_range(lst, n, n2):
    result = []
    for sublist in lst:
        all_in_range = True
        for num in sublist:
            if not n <= num <= n2:
                all_in_range = False
                break
        if all_in_range:
            result.append(sublist)
    return result
","""['assert remove_list_range([[2], [0], [1, 2, 3], [0, 1, 2, 3, 6, 7], [9, 11], [13, 14, 15, 17]],13,17)==[[13, 14, 15, 17]]', 'assert remove_list_range([[2], [0], [1, 2, 3], [0, 1, 2, 3, 6, 7], [9, 11], [13, 14, 15, 17]],1,3)==[[2], [1, 2, 3]]', 'assert remove_list_range([[2], [0], [1, 2, 3], [0, 1, 2, 3, 6, 7], [9, 11], [13, 14, 15, 17]],0,7)==[[2], [0], [1, 2, 3], [0, 1, 2, 3, 6, 7]]']""","Write a function that removes sublists from a given list that fall outside of a specified range.
Example:
remove_list_range(lst, n, n2)
"
343,344,"ল্যাম্বদা ফাংশন ব্যবহার করে একটি নির্দিষ্ট সংখ্যার তালিকার ধনাত্মক সংখ্যার যোগফল গণনা করার জন্য একটি ফাংশন লিখুন।
Exammple:
sum_positivenum(lst)","def sum_positivenum(lst):
    return sum(filter(lambda x: x > 0, lst))
","""['assert sum_positivenum([2, 4, -6, -9, 11, -12, 14, -5, 17])==48', 'assert sum_positivenum([10,15,-14,13,-18,12,-20])==50', 'assert sum_positivenum([19, -65, 57, 39, 152,-639, 121, 44, 90, -190])==522']""","Write a function using a lambda function to calculate the sum of positive numbers in a given list of numbers.
Example:
sum_positive_num(lst: list[int]) -> int
"
344,345,"প্রদত্ত স্ট্রিংগুলি একে অপরের ঘূর্ণন কিনা তা পরীক্ষা করার জন্য একটি পাইথন ফাংশন লিখুন।
Exammple:
are_Rotations(s, s2)","def are_Rotations(s, s2):
    if len(s) != len(s2):
        return False
    return s2 in s + s
","""['assert are_Rotations(\""abc\"",\""cba\"") == False', 'assert are_Rotations(\""abcd\"",\""cdba\"") == False', 'assert are_Rotations(\""abacd\"",\""cdaba\"") == True']""","Write a Python function to check if the given strings are rotations of each other.

Example:
are_Rotations(s: str, s2: str) -> bool:
"
345,346,"একটি নেস্টেড তালিকা অন্য নেস্টেড তালিকার একটি উপসেট কিনা তা পরীক্ষা করার জন্য একটি ফাংশন লিখুন।
Exammple:
check_subset(lst, lst2)","def check_subset(lst, lst2):

    def to_tuple(obj):
        if isinstance(obj, list):
            return tuple((to_tuple(x) for x in obj))
        else:
            return obj
    lst_tuples = {to_tuple(e) for e in lst}
    for elem in lst2:
        if to_tuple(elem) not in lst_tuples:
            return False
    return True
","""['assert check_subset([[1, 3], [5, 7], [9, 11], [13, 15, 17]] ,[[1, 3],[13,15,17]])==True', 'assert check_subset([[1, 2], [2, 3], [3, 4], [5, 6]],[[3, 4], [5, 6]])==True', 'assert check_subset([[[1, 2], [2, 3]], [[3, 4], [5, 7]]],[[[3, 4], [5, 6]]])==False']""","Write a function to check if one nested list is a subset of another nested list.
Example:
def check_subset(lst, lst2):
"
346,347,"পুনরাবৃত্তি ব্যবহার করে ফিবোনাক্সি ক্রম সমাধানের জন্য একটি ফাংশন লিখুন।
Exammple:
fibonacci(n)","def fibonacci(n):
    if n == 1 or n == 2:
        return 1
    return fibonacci(n - 1) + fibonacci(n - 2)
","""['assert fibonacci(7) == 13', 'assert fibonacci(8) == 21', 'assert fibonacci(9) == 34']""","Write a function to solve the Fibonacci sequence using recursion.

Example:
def fibonacci(n):
"
347,348,"একটি স্ট্রিং অন্য স্ট্রিং এর সংযুক্তকরণ কিনা তা পরীক্ষা করার জন্য একটি পাইথন ফাংশন লিখুন।
Exammple:
check_Concat(s, s2)","def check_Concat(s, s2):
    len_s = len(s)
    len_s2 = len(s2)
    if len_s % len_s2 != 0:
        return False
    k = len_s // len_s2
    if k < 2:
        return False
    return s == s2 * k
","""['assert check_Concat(\""abcabcabc\"",\""abc\"") == True', 'assert check_Concat(\""abcab\"",\""abc\"") == False', 'assert check_Concat(\""aba\"",\""ab\"") == False']""","Write a Python function to check if one string is a concatenation of another string with itself.

Example:
def check_Concat(s, s2):
"
348,349,"একটি ফাংশন লিখুন যা প্রদত্ত টুপলগুলির টুপল জোড়াগুলির মধ্যে সর্বনিম্ন পার্থক্য খুঁজে বের করে।
Exammple:
min_difference(lst)","def min_difference(lst):
    min_diff = float('inf')
    for tpl in lst:
        diff = abs(tpl[0] - tpl[1])
        if diff < min_diff:
            min_diff = diff
    return min_diff
","""['assert min_difference([(3, 5), (1, 7), (10, 3), (1, 2)]) == 1', 'assert min_difference([(4, 6), (12, 8), (11, 4), (2, 13)]) == 2', 'assert min_difference([(5, 17), (3, 9), (12, 5), (3, 24)]) == 6']""","Write a function that finds the minimum difference between pairs of tuples within a given list of tuples.

Example:
def min_difference(lst: list[tuple]) -> int:
"
349,350,"দুইটি ধনাত্মক পূর্ণসংখ্যার lcm খুঁজে বের করার জন্য একটি পাইথন ফাংশন লিখুন।
Exammple:
lcm(n, n2)","def lcm(n, n2):

    def gcd(x, y):
        while y:
            x, y = (y, x % y)
        return x
    return n * n2 // gcd(n, n2)
","""['assert lcm(4,6) == 12', 'assert lcm(15,17) == 255', 'assert lcm(2,6) == 6']""","Write a Python function to find the Least Common Multiple (LCM) of two positive integers.

Example:

lcm(n1, n2)
"
350,351,"প্রদত্ত স্ট্রিং বা স্ট্রিং বা স্ট্রিং বা স্ট্রিং বা স্ট্রিং বা স্ট্রিং বা স্ট্রিং বা স্ট্রিং বা স্ট্রিং বা স্ট্রিং বা স্ট্রিং বা স্ট্রিং বা স্ট্রিং বা স্ট্রিং বা স্ট্রিং বা স্ট্রিং বা স্ট্রিং।
Exammple:
sort_String(s)","def sort_String(s):
    return ''.join(sorted(s))
","""['assert sort_String(\""cba\"") == \""abc\""', 'assert sort_String(\""data\"") == \""aadt\""', 'assert sort_String(\""zxy\"") == \""xyz\""']""","Sort the given string.

Example:
sort_String(s: str) -> str
"
351,352,"প্রদত্ত টিপলটিতে কেবলমাত্র k টি উপাদান রয়েছে কিনা তা পরীক্ষা করার জন্য একটি ফাংশন লিখুন।
Exammple:
check_tuples(tup, lst)","def check_tuples(tup, lst):
    return set(tup) == set(lst)
","""['assert check_tuples((3, 5, 6, 5, 3, 6),[3, 6, 5]) == True', 'assert check_tuples((4, 5, 6, 4, 6, 5),[4, 5, 6]) == True', 'assert check_tuples((9, 8, 7, 6, 8, 9),[9, 8, 1]) == False']""","Write a function to check if a given tuple contains exactly k elements.

Example:

check_tuples(tup: tuple, lst: list)
"
352,353,"একটি ফাংশন লিখুন যা একটি স্ট্রিংয়ের সাথে মিলবে যার 'a' এর পরে কিছু আছে, 'b' দিয়ে শেষ হবে রেজেক্স ব্যবহার করে।
Exammple:
text_match(s)","import re

def text_match(s):
    if re.fullmatch('^a.*b$', s):
        return 'Found a match!'
    else:
        return 'Not matched!'
","""['assert text_match(\""aabbbbd\"") == \\'Not matched!\\'', 'assert text_match(\""aabAbbbc\"") == \\'Not matched!\\'', 'assert text_match(\""accddbbjjjb\"") == \\'Found a match!\\'']""","Write a function that matches a string that has an 'a' followed by anything, ending with 'b', using regex.

Example:

def text_match(s: str) -> bool:
"
353,354,"একটি পাইথন ফাংশন লিখুন যা বর্গক্ষেত্র সমীকরণের সমাধানের সংখ্যা খুঁজে বের করবে।
Exammple:
Check_Solution(n, n2, n3)","def Check_Solution(n, n2, n3):
    discriminant = n2 ** 2 - 4 * n * n3
    if discriminant > 0:
        return '2 solutions'
    elif discriminant == 0:
        return '1 solution'
    else:
        return 'No solutions'
","""['assert Check_Solution(2,5,2) == \""2 solutions\""', 'assert Check_Solution(1,1,1) == \""No solutions\""', 'assert Check_Solution(1,2,1) == \""1 solution\""']""","Write a Python function that finds the number of solutions to a quadratic equation.

Example:

def check_solution(a, b, c):
"
354,355,"একটি প্রদত্ত তালিকার প্রথম সম সংখ্যা এবং অদ্ভুত সংখ্যার যোগফল খুঁজে বের করার জন্য একটি ফাংশন লিখুন।
Exammple:
sum_even_odd(lst)","def sum_even_odd(lst):
    first_even = None
    first_odd = None
    for num in lst:
        if first_even is None and num % 2 == 0:
            first_even = num
        if first_odd is None and num % 2 != 0:
            first_odd = num
        if first_even is not None and first_odd is not None:
            break
    return first_even + first_odd
","""['assert sum_even_odd([1,3,5,7,4,1,6,8])==5', 'assert sum_even_odd([1,2,3,4,5,6,7,8,9,10])==3', 'assert sum_even_odd([1,5,7,9,10])==11']""","Write a function to find the sum of the first even number and the first odd number in a given list.
Example:
def sum_even_odd(lst: list) -> int:
"
355,356,"একটি সমান্তরালের পরিধি গণনা করার জন্য একটি ফাংশন লিখুন।
Exammple:
parallelogram_perimeter(n, n2)","def parallelogram_perimeter(n, n2):
    return 2 * n * n2
","""['assert parallelogram_perimeter(10,20)==400', 'assert parallelogram_perimeter(15,20)==600', 'assert parallelogram_perimeter(8,9)==144']""","Write a function to calculate the perimeter of a parallelogram.
Example:
def parallelogram_perimeter(n: int, n2: int) -> int:
"
356,357,"ল্যাম্বদা ফাংশন ব্যবহার করে সংখ্যার তালিকা থেকে m এবং n দ্বারা বিভাজ্য সংখ্যা খুঁজে বের করার জন্য একটি ফাংশন লিখুন।
Exammple:
div_of_nums(lst, n, n2)","def div_of_nums(lst, n, n2):
    return list(filter(lambda x: x % n == 0 and x % n2 == 0, lst))
","""['assert div_of_nums([19, 65, 57, 39, 152, 639, 121, 44, 90, 190],2,4)==[ 152,44]', 'assert div_of_nums([1, 2, 3, 5, 7, 8, 10],2,5)==[10]', 'assert div_of_nums([10,15,14,13,18,12,20],10,5)==[10,20]']""","Write a function using lambda functions to find numbers divisible by m and n from a list of numbers.
Example:
div_of_nums(lst: list, m: int, n: int)
"
357,358,"একটি পাইথন ফাংশন লিখুন যাতে সব বিট একটি নির্দিষ্ট পরিসরের মধ্যে আছে কিনা তা পরীক্ষা করা যায়।
Exammple:
all_Bits_Set_In_The_Given_Range(n, n2, n3)","def all_Bits_Set_In_The_Given_Range(n, n2, n3):
    a = n2
    b = n3
    if a > b:
        return True
    mask = (1 << b - a + 1) - 1 << a - 1
    return n & mask == mask
","""['assert all_Bits_Set_In_The_Given_Range(10,2,1) == True ', 'assert all_Bits_Set_In_The_Given_Range(5,2,4) == False', 'assert all_Bits_Set_In_The_Given_Range(22,2,3) == True ']""","Write a Python function to check if all bits are set within a given range.
Example:
all_Bits_Set_In_The_Given_Range(n, n2, n3)
"
358,359,"একটি পাইথন ফাংশন লিখুন যাচাই করতে যে দুটি প্রদত্ত স্ট্রিং একে অপরের সাথে আইসোমর্ফিক কিনা।
Exammple:
is_Isomorphic(s, s2)","def is_Isomorphic(s, s2):
    """"""একটি পাইথন ফাংশন লিখুন যাচাই করতে যে দুটি প্রদত্ত স্ট্রিং একে অপরের সাথে আইসোমর্ফিক কিনা।""""""
    'Translated: Write a Python function to verify whether two given strings are isomorphic to each other.'
    ""\n    Args:\n        s (<class 'str'>): Example: 'paper'\n        s2 (<class 'str'>): Example: 'title'\n        \n    Returns:\n        <class 'bool'>: Example: True\n\n    Example:\n        >>> is_Isomorphic('paper', 'title')\n        True\n    ""
    if len(s) != len(s2):
        return False
    s_map = {}
    s_pattern = []
    cid = 0
    for c in s:
        if c not in s_map:
            s_map[c] = cid
            cid += 1
        s_pattern.append(s_map[c])
    s2_map = {}
    s2_cid = 0
    s2_p = []
    for c in s2:
        if c not in s2_map:
            s2_map[c] = s2_cid
            s2_cid += 1
        s2_p.append(s2_map[c])
    return s_pattern == s2_p
","""['assert is_Isomorphic(\""paper\"",\""title\"") == True', 'assert is_Isomorphic(\""ab\"",\""ba\"") == True', 'assert is_Isomorphic(\""ab\"",\""aa\"") == False']""","Write a Python function to verify whether two given strings are isomorphic to each other.

Example:

def is_Isomorphic(s: str, s2: str) -> bool:
"
359,360,"একটি ফাংশন লিখুন যাতে একটি তালিকার সব সংখ্যা যোগ করা যায় এবং তা তালিকার দৈর্ঘ্যের সাথে ভাগ করা যায়।
Exammple:
sum_num(tup)","def sum_num(tup):
    return sum(tup) / len(tup)
","""['assert sum_num((8, 2, 3, 0, 7))==4.0', 'assert sum_num((-10,-20,-30))==-20.0', 'assert sum_num((19,15,18))==17.333333333333332']""","Write a function that adds all the numbers in a list and divides the sum by the length of the list.

Example:
sum_num(list_name: list) -> float:
"
360,361,"বিটওয়াইস অপারেটর ব্যবহার করে প্রদত্ত সংখ্যাটি অদ্ভুত কিনা তা পরীক্ষা করার জন্য একটি পাইথন ফাংশন লিখুন।
Exammple:
is_odd(n)","def is_odd(n):
    return bool(n & 1)
","""['assert is_odd(5) == True', 'assert is_odd(6) == False', 'assert is_odd(7) == True']""","Write a Python function to check if a given number is odd using a bitwise operator.

Example:

def is_odd(n: int) -> bool:
"
361,362,"প্রদত্ত নেস্টেড টুপলগুলির উপাদানগুলিকে বিয়োগ করার জন্য একটি ফাংশন লিখুন।
Exammple:
substract_elements(tup, tup2)","def substract_elements(tup, tup2):
    return tuple((tuple((a - b for a, b in zip(t1, t2))) for t1, t2 in zip(tup, tup2)))
","""['assert substract_elements(((1, 3), (4, 5), (2, 9), (1, 10)), ((6, 7), (3, 9), (1, 1), (7, 3))) == ((-5, -4), (1, -4), (1, 8), (-6, 7))', 'assert substract_elements(((13, 4), (14, 6), (13, 10), (12, 11)), ((19, 8), (14, 10), (12, 2), (18, 4))) == ((-6, -4), (0, -4), (1, 8), (-6, 7))', 'assert substract_elements(((19, 5), (18, 7), (19, 11), (17, 12)), ((12, 9), (17, 11), (13, 3), (19, 5))) == ((7, -4), (1, -4), (6, 8), (-2, 7))']""","Write a function to subtract the elements of the given nested tuples.

Example:
substract_elements(tup1: tuple, tup2: tuple)
"
362,363,"একটি তালিকা লিখুন যা প্রতিটি তালিকার তালিকাকে বিপরীত করে।
Exammple:
reverse_list_lists(lst)","def reverse_list_lists(lst):
    return [sublist[::-1] for sublist in lst]
","""['assert reverse_list_lists([[1, 2, 3, 4], [5, 6, 7, 8], [9, 10, 11, 12], [13, 14, 15, 16]])==[[4, 3, 2, 1], [8, 7, 6, 5], [12, 11, 10, 9], [16, 15, 14, 13]]', 'assert reverse_list_lists([[1,2],[2,3],[3,4]])==[[2,1],[3,2],[4,3]]', 'assert reverse_list_lists([[10,20],[30,40]])==[[20,10],[40,30]]']""","Write a function that reverses each individual list within a list of lists.

Example:
reverse_list_lists(lst: list[list]) -> list[list]
"
363,364,"একটি সাজানো অ্যারেতে উপস্থিত অতিরিক্ত উপাদানগুলির সূচকটি খুঁজে পেতে একটি পাইথন ফাংশন লিখুন।
Exammple:
find_Extra(lst, lst2, n)","def find_Extra(lst, lst2, n):
    for i in range(n):
        if lst[i] != lst2[i]:
            return i
    return n
","""['assert find_Extra([1,2,3,4],[1,2,3],3) == 3', 'assert find_Extra([2,4,6,8,10],[2,4,6,8],4) == 4', 'assert find_Extra([1,3,5,7,9,11],[1,3,5,7,9],5) == 5']""","Write a Python function to find the index of the extra element present in a sorted array.

Example:
find_Extra(lst: list, lst2: list, n: int)
"
364,365,"একটি পাইথন ফাংশন লিখুন যাতে দুইটি সংখ্যার একই সংখ্যক অঙ্ক থাকে কিনা তা পরীক্ষা করা যায়।
Exammple:
same_Length(n, n2)","def same_Length(n, n2):
    return len(str(abs(n))) == len(str(abs(n2)))
","""['assert same_Length(12,1) == False', 'assert same_Length(2,2) == True', 'assert same_Length(10,20) == True']""","Write a Python function to check if two numbers have the same number of digits.

Example:
same_Length(n: int, n2: int) -> bool:
"
365,366,"একটি স্ট্রিংয়ে একাধিক স্পেস অপসারণ করার জন্য একটি ফাংশন লিখুন।
Exammple:
remove_spaces(s)","def remove_spaces(s):
    return ' '.join(s.split())
","""[\""assert remove_spaces('python  program')==('python program')\"", \""assert remove_spaces('python   programming    language')==('python programming language')\"", \""assert remove_spaces('python                     program')==('python program')\""]""","Write a function to remove multiple spaces in a string.

Example:
remove_spaces(s: str) -> str
"
366,367,"প্রতিটি উপ-তালিকার শেষ উপাদান পেতে একটি পাইথন ফাংশন লিখুন।
Exammple:
Extract(lst)","def Extract(lst):
    return [sublist[-1] for sublist in lst]
","""['assert Extract([[1, 2, 3], [4, 5], [6, 7, 8, 9]]) == [3, 5, 9]', \""assert Extract([['x', 'y', 'z'], ['m'], ['a', 'b'], ['u', 'v']]) == ['z', 'm', 'b', 'v']\"", 'assert Extract([[1, 2, 3], [4, 5]]) == [3, 5]']""","Write a Python function to get the last element of each sublist.

Example:

```python
def extract(lst: list[list[any]]) -> list[any]:
```
"
367,368,"float টাইপের প্রদত্ত স্ট্রিংকে tuple তে রূপান্তর করার জন্য একটি ফাংশন লিখুন।
Exammple:
float_to_tuple(s)","def float_to_tuple(s):
    return tuple((float(x.strip()) for x in s.split(',')))
","""['assert float_to_tuple(\""1.2, 1.3, 2.3, 2.4, 6.5\"") == (1.2, 1.3, 2.3, 2.4, 6.5)', 'assert float_to_tuple(\""2.3, 2.4, 5.6, 5.4, 8.9\"") == (2.3, 2.4, 5.6, 5.4, 8.9)', 'assert float_to_tuple(\""0.3, 0.5, 7.8, 9.4\"") == (0.3, 0.5, 7.8, 9.4)']""","Write a function to convert a given string of floats into a tuple.

Example:

def float_to_tuple(s: str) -> tuple[float, ...]:
"
368,369,"কোনো সংলগ্ন উপাদান ছাড়া প্রদত্ত অ্যারের উপসারণের সর্বাধিক যোগফল খুঁজে বের করার জন্য একটি ফাংশন লিখুন।
Exammple:
max_sum_subseq(lst)","def max_sum_subseq(lst):
    if not lst:
        return 0
    prev_prev = 0
    prev = lst[0]
    for i in range(1, len(lst)):
        current = lst[i]
        new_prev = max(prev, prev_prev + current)
        prev_prev, prev = (prev, new_prev)
    return prev
","""['assert max_sum_subseq([1, 2, 9, 4, 5, 0, 4, 11, 6]) == 26', 'assert max_sum_subseq([1, 2, 9, 5, 6, 0, 5, 12, 7]) == 28', 'assert max_sum_subseq([1, 3, 10, 5, 6, 0, 6, 14, 21]) == 44']""","Write a function to find the maximum sum of a subsequence of a given array such that no two elements are adjacent.

Example:

def max_sum_subseq(lst: list[int]) -> int:
"
369,370,"একটি ফাংশন লিখুন যা একটি তালিকাকে বর্ধমান ক্রমে সাজায়।
Exammple:
sort_list_last(lst)","def sort_list_last(lst):
    return sorted(lst, key=lambda x: x[1])
","""['assert sort_list_last([(2, 5), (1, 2), (4, 4), (2, 3), (2, 1)])==[(2, 1), (1, 2), (2, 3), (4, 4), (2, 5)] ', 'assert sort_list_last([(9,8), (4, 7), (3,5), (7,9), (1,2)])==[(1,2), (3,5), (4,7), (9,8), (7,9)] ', 'assert sort_list_last([(20,50), (10,20), (40,40)])==[(10,20),(40,40),(20,50)] ']""","Write a function that sorts a list in ascending order.

Example:

def sort_list_last(lst: list) -> list:
"
370,371,"একটি প্রদত্ত বাক্যে শব্দটি উপস্থিত আছে কিনা তা পরীক্ষা করার জন্য একটি পাইথন ফাংশন লিখুন।
Exammple:
is_Word_Present(s, s2)","def is_Word_Present(s, s2):
    return s2 in s.split()
","""['assert is_Word_Present(\""machine learning\"",\""machine\"") == True', 'assert is_Word_Present(\""easy\"",\""fun\"") == False', 'assert is_Word_Present(\""python language\"",\""code\"") == False']""","Write a Python function to check if a word is present in a given sentence.

Example:

def is_Word_Present(s: str, s2: str) -> bool:
"
371,372,"একটি নির্দিষ্ট তালিকা থেকে নির্দিষ্ট সংখ্যক উপাদান বের করার জন্য একটি ফাংশন লিখুন, যা একে অপরকে ক্রমাগত অনুসরণ করে।
Exammple:
extract_elements(lst, n)","def extract_elements(lst, n):
    if not lst:
        return []
    groups = []
    current_group = [lst[0]]
    for elem in lst[1:]:
        if elem == current_group[-1]:
            current_group.append(elem)
        else:
            groups.append(current_group)
            current_group = [elem]
    groups.append(current_group)
    elements = []
    for group in groups:
        if len(group) >= 2:
            elements.append(group[0])
    return elements[:n]
","""['assert extract_elements([1, 1, 3, 4, 4, 5, 6, 7],2)==[1, 4]', 'assert extract_elements([0, 1, 2, 3, 4, 4, 4, 4, 5, 7],4)==[4]', 'assert extract_elements([0,0,0,0,0],5)==[0]']""","Write a function to extract a specific number of consecutive elements from a given list.

Example:

```python
def extract_elements(lst: list, n: int) -> list:
```
"
372,373,"একটি অ্যারে শুধুমাত্র কোণার উপাদান বাছাই করে বাছাই করা যায় কিনা তা পরীক্ষা করার জন্য একটি পাইথন ফাংশন লিখুন।
Exammple:
check(lst, n)","def check(lst: list, n: int) -> bool:
    # Copy and sort first and last elements
    first, last = sorted([lst[0], lst[-1]])
    temp = [first] + lst[1:-1] + [last]
    
    # Check if the modified list is sorted
    return all(temp[i] <= temp[i+1] for i in range(n-1))
","""['assert check([3,2,1,2,3,4],6) == True', 'assert check([2,1,4,5,1],5) == True', 'assert check([1,2,2,1,2,3],6) == True']""","Write a Python function to check if an array can be sorted by only sorting the corner elements.

Example:
def check(lst: list, n: int):
"
373,374,"একটি ফাংশন লিখুন যেখানে একটি স্ট্রিং একটি নির্দিষ্ট সংখ্যার সাথে শুরু হবে।
Exammple:
match_num(s)","def match_num(s):
    return s.startswith('5-')
","""[\""assert match_num('5-2345861')==True\"", \""assert match_num('6-2345861')==False\"", \""assert match_num('78910')==False\""]""","Write a function that checks if a string starts with a specific number.

Example:
def match_num(s: str) -> bool:
"
374,375,"একটি নির্দিষ্ট জোড়ায় দুটি সংখ্যার মধ্যে সাধারণ বিভাজক খুঁজে পেতে একটি পাইথন ফাংশন লিখুন।
Exammple:
num_comm_div(n, n2)","def num_comm_div(n, n2):
    a, b = (abs(n), abs(n2))
    x, y = (a, b)
    while y:
        x, y = (y, x % y)
    gcd_val = x
    if gcd_val == 0:
        return 0
    count = 0
    sqrt_k = int(gcd_val ** 0.5)
    for i in range(1, sqrt_k + 1):
        if gcd_val % i == 0:
            count += 1 if i * i == gcd_val else 2
    return count
","""['assert num_comm_div(2,4) == 2', 'assert num_comm_div(2,8) == 2', 'assert num_comm_div(12,24) == 6']""","Write a Python function to find the common divisors between two numbers in a given pair.

Example:

def num_comm_div(n: int, n2: int) -> int:
"
375,376,"দুটি সংখ্যার অবশিষ্ট খুঁজে বের করার জন্য একটি পাইথন ফাংশন লিখুন।
Exammple:
find(n, n2)","def find(n, n2):
    return n % n2
","""['assert find(3,3) == 0', 'assert find(10,3) == 1', 'assert find(16,5) == 1']""","Write a Python function to find the remainder of two numbers.

Example:
find(n, n2) should be translated as `def find(n: int, n2: int) -> int:`
"
376,377,"একটি প্রদত্ত তালিকার পরপর সংখ্যা যোগ করার জন্য একটি ফাংশন লিখুন।
Exammple:
add_consecutive_nums(lst)","def add_consecutive_nums(lst):
    return [lst[i] + lst[i + 1] for i in range(len(lst) - 1)]
","""['assert add_consecutive_nums([1, 1, 3, 4, 4, 5, 6, 7])==[2, 4, 7, 8, 9, 11, 13]', 'assert add_consecutive_nums([4, 5, 8, 9, 6, 10])==[9, 13, 17, 15, 16]', 'assert add_consecutive_nums([1, 2, 3, 4, 5, 6, 7, 8, 9, 10])==[3, 5, 7, 9, 11, 13, 15, 17, 19]']""","Write a function to add consecutive numbers in a given list.

Example:
add_consecutive_nums(lst: list) -> int
"
377,378,"প্রথম n টি প্রাকৃতিক সংখ্যার ঘনক্ষেত্রের যোগফল খুঁজে বের করার জন্য একটি পাইথন ফাংশন লিখুন।
Exammple:
sum_Of_Series(n)","def sum_Of_Series(n):
    return (n * (n + 1) // 2) ** 2
","""['assert sum_Of_Series(5) == 225', 'assert sum_Of_Series(2) == 9', 'assert sum_Of_Series(3) == 36']""","Write a Python function to find the sum of cubes of the first n natural numbers.

Example:
def sum_of_series(n):
"
378,379,"একটি ফাংশন লিখুন যা সব শূন্যকে প্রদত্ত অ্যারের শেষে সরিয়ে দেয়।
Exammple:
re_order(lst)","def re_order(lst):
    non_zero = [x for x in lst if x != 0]
    return non_zero + [0] * (len(lst) - len(non_zero))
","""['assert re_order([6, 0, 8, 2, 3, 0, 4, 0, 1]) == [6, 8, 2, 3, 4, 1, 0, 0, 0]', 'assert re_order([4, 0, 2, 7, 0, 9, 0, 12, 0]) == [4, 2, 7, 9, 12, 0, 0, 0, 0]', 'assert re_order([3, 11, 0, 74, 14, 0, 1, 0, 2]) == [3, 11, 74, 14, 1, 2, 0, 0, 0]']""","Write a function that moves all zeros to the end of a given array.

Example:
re_order(lst: list) -> list
"
379,380,"প্রদত্ত p (n, k) এর পার্মুটেশন কোয়েফিশিয়েন্ট গণনা করার জন্য একটি ফাংশন লিখুন।
Exammple:
permutation_coefficient(n, n2)","def permutation_coefficient(n, n2):
    result = 1
    for i in range(n2):
        result *= n - i
    return result
","""['assert permutation_coefficient(10, 2) == 90', 'assert permutation_coefficient(10, 3) == 720', 'assert permutation_coefficient(10, 1) == 10']""","Write a function to calculate the permutation coefficient p(n, k).
Example:
def permutation_coefficient(n, k):
"
380,381,"একটি নির্দিষ্ট তালিকা থেকে নির্দিষ্ট শব্দ অপসারণের জন্য একটি ফাংশন লিখুন।
Exammple:
remove_words(lst, lst2)","def remove_words(lst, lst2):
    exclude = set(lst2)
    return [word for word in lst if word not in exclude]
","""[\""assert remove_words(['red', 'green', 'blue', 'white', 'black', 'orange'],['white', 'orange'])==['red', 'green', 'blue', 'black']\"", \""assert remove_words(['red', 'green', 'blue', 'white', 'black', 'orange'],['black', 'orange'])==['red', 'green', 'blue', 'white']\"", \""assert remove_words(['red', 'green', 'blue', 'white', 'black', 'orange'],['blue', 'white'])==['red', 'green', 'black', 'orange']\""]""","Write a function to remove specific words from a given list.
Example:
def remove_words(lst: list, lst2: list) -> list:
"
381,382,"একটি ফাংশন লিখুন যা দুইটি তালিকা থেকে সাধারণ উপাদানগুলো একই ক্রমে আছে কিনা তা পরীক্ষা করে।
Exammple:
same_order(lst, lst2)","def same_order(lst, lst2):
    common = set(lst) & set(lst2)
    filtered_lst = [x for x in lst if x in common]
    filtered_lst2 = [x for x in lst2 if x in common]
    return filtered_lst == filtered_lst2
","""['assert same_order([\""red\"",\""green\"",\""black\"",\""orange\""],[\""red\"",\""pink\"",\""green\"",\""white\"",\""black\""])==True', 'assert same_order([\""red\"",\""pink\"",\""green\"",\""white\"",\""black\""],[\""white\"",\""orange\"",\""pink\"",\""black\""])==False', 'assert same_order([\""red\"",\""green\"",\""black\"",\""orange\""],[\""red\"",\""pink\"",\""green\"",\""white\"",\""black\""])==True']""","Write a function that checks if the common elements from two lists are in the same order.
Example:
def same_order(lst: list, lst2: list) -> bool:
"
382,383,"একটি প্রদত্ত অদ্ভুত সংখ্যা পর্যন্ত অদ্ভুত সংখ্যা গড় খুঁজে পেতে একটি পাইথন ফাংশন লিখুন।
Exammple:
average_Odd(n)","def average_Odd(n):
    return (n + 1) // 2
","""['assert average_Odd(9) == 5', 'assert average_Odd(5) == 3', 'assert average_Odd(11) == 6']""","Write a Python function to find the average of odd numbers up to a given odd number.

Example:
def average_odd(n: int) -> float:
"
383,384,"প্রদত্ত অ-নেতিবাচক অ্যারের জন্য k এর চেয়ে ছোট পণ্য সহ উপ-অনুক্রমের সংখ্যা খুঁজে পেতে একটি ফাংশন লিখুন।
Exammple:
no_of_subsequences(lst, n)","def no_of_subsequences(lst, n):
    from itertools import combinations
    count = 0
    for subset_size in range(1, len(lst) + 1):
        for subset in combinations(lst, subset_size):
            product = 1
            for num in subset:
                product *= num
            if product < n:
                count += 1
    return count
","""['assert no_of_subsequences([1,2,3,4], 10) == 11', 'assert no_of_subsequences([4,8,7,2], 50) == 9', 'assert no_of_subsequences([5,6,7,8], 15) == 4']""","Write a function to find the number of subsequences with product less than k for a given non-negative array.

Example:
no_of_subsequences(lst, k)
"
384,385,"একটি প্রদত্ত সংখ্যার গুণকগুলির সর্বনিম্ন যোগফল খুঁজে পেতে একটি পাইথন ফাংশন লিখুন।
Exammple:
find_Min_Sum(n)","def find_Min_Sum(n):
    if n == 1:
        return 0
    total = 0
    while n % 2 == 0:
        total += 2
        n //= 2
    i = 3
    while i * i <= n:
        while n % i == 0:
            total += i
            n //= i
        i += 2
    if n > 1:
        total += n
    return total
","""['assert find_Min_Sum(12) == 7', 'assert find_Min_Sum(105) == 15', 'assert find_Min_Sum(2) == 2']""","Write a Python function to find the minimum sum of factors of a given number.

Example:
find_Min_Sum(n: int) -> int:
"
385,386,"মিশ্র নেস্টেড টিপলে উপাদানটির ফ্রিকোয়েন্সি গণনা করার জন্য একটি ফাংশন লিখুন।
Exammple:
count_element_freq(tup)","def count_element_freq(tup):
    counts = {}

    def flatten(element):
        if isinstance(element, tuple):
            for sub in element:
                yield from flatten(sub)
        else:
            yield element
    for item in flatten(tup):
        counts[item] = counts.get(item, 0) + 1
    return counts
","""['assert count_element_freq((5, 6, (5, 6), 7, (8, 9), 9) ) == {5: 2, 6: 2, 7: 1, 8: 1, 9: 2}', 'assert count_element_freq((6, 7, (6, 7), 8, (9, 10), 10) ) == {6: 2, 7: 2, 8: 1, 9: 1, 10: 2}', 'assert count_element_freq((7, 8, (7, 8), 9, (10, 11), 11) ) == {7: 2, 8: 2, 9: 1, 10: 1, 11: 2}']""","Write a function to count the frequency of an element in a mixed nested tuple.
Example:
def count_element_freq(tup: tuple) -> dict:
"
386,387,"প্রতিটি উপাদানের পরে প্রদত্ত স্ট্রিং যোগ করে টিপলকে তালিকায় রূপান্তর করার জন্য একটি ফাংশন লিখুন।
Exammple:
add_str(tup, s)","def add_str(tup, s):
    result = []
    for item in tup:
        result.append(item)
        result.append(s)
    return result
","""['assert add_str((5, 6, 7, 4, 9) , \""FDF\"") == [5, \\'FDF\\', 6, \\'FDF\\', 7, \\'FDF\\', 4, \\'FDF\\', 9, \\'FDF\\']', 'assert add_str((7, 8, 9, 10) , \""PF\"") == [7, \\'PF\\', 8, \\'PF\\', 9, \\'PF\\', 10, \\'PF\\']', 'assert add_str((11, 14, 12, 1, 4) , \""JH\"") == [11, \\'JH\\', 14, \\'JH\\', 12, \\'JH\\', 1, \\'JH\\', 4, \\'JH\\']']""","Write a function to convert a tuple to a list by adding a given string after each element.
Example:
```python
def add_str(tup: tuple, s: str) -> list:
```
"
387,388,"প্রদত্ত টিপল তালিকার টিপল উপাদানগুলির যোগফল খুঁজে পেতে একটি ফাংশন লিখুন।
Exammple:
sum_elements(tup)","def sum_elements(tup):
    return sum(tup)
","""['assert sum_elements((7, 8, 9, 1, 10, 7)) == 42', 'assert sum_elements((1, 2, 3, 4, 5, 6)) == 21', 'assert sum_elements((11, 12 ,13 ,45, 14)) == 95']""","Write a function to find the sum of the elements within the tuple elements of a given list of tuples.

Example:

```python
def sum_elements(tup_list: list[tuple]) -> int:
    # Function implementation here
    pass
```
"
388,389,"একটি ফাংশন লিখুন যা পরীক্ষা করে যে m দ্বারা বিভাজ্য সমষ্টি সহ একটি উপসেট আছে কিনা।
Exammple:
modular_sum(lst, n, n2)","def modular_sum(lst, n, n2):
    m = n2
    if m == 0:
        return False
    current = set()
    for num in lst:
        rem = num % m
        if rem == 0:
            return True
        new_subs = {rem}
        for r in current:
            new_r = (r + rem) % m
            new_subs.add(new_r)
        if 0 in new_subs:
            return True
        current.update(new_subs)
    return 0 in current
","""['assert modular_sum([3, 1, 7, 5], 4, 6) == True', 'assert modular_sum([1, 7], 2, 5) == False', 'assert modular_sum([1, 6], 2, 5) == False']""","Write a function that checks if there exists a subset with a sum divisible by m.

Example:

`modular_sum(lst: list[int], m: int) -> bool`
"
389,390,"একটি ফাংশন লিখুন যা র্যাডিক্স বাছাই ব্যবহার করে উপাদানগুলির একটি তালিকা বাছাই করে।
Exammple:
radix_sort(lst)","def radix_sort(lst):
    if not lst:
        return []
    arr = lst.copy()
    max_num = max(arr)
    exp = 1
    while max_num // exp > 0:
        buckets = [[] for _ in range(10)]
        for num in arr:
            digit = num // exp % 10
            buckets[digit].append(num)
        arr = []
        for b in buckets:
            arr.extend(b)
        exp *= 10
    return arr
","""['assert radix_sort([15, 79, 25, 68, 37]) == [15, 25, 37, 68, 79]', 'assert radix_sort([9, 11, 8, 7, 3, 2]) == [2, 3, 7, 8, 9, 11]', 'assert radix_sort([36, 12, 24, 26, 29]) == [12, 24, 26, 29, 36]']""","Write a function that sorts a list of elements using radix sort.

Example:

def radix_sort(lst: list) -> list:
"
390,391,"প্রদত্ত তালিকা থেকে বৃহত্তম ধনাত্মক সংখ্যা খুঁজে পেতে একটি পাইথন ফাংশন লিখুন।
Exammple:
largest_pos(lst)","def largest_pos(lst):
    return max((x for x in lst if x > 0))
","""['assert largest_pos([1,2,3,4,-1]) == 4', 'assert largest_pos([0,1,2,-5,-1,6]) == 6', 'assert largest_pos([0,0,1,0]) == 1']""","Write a Python function to find the largest positive number from a given list.

Example:

def largest_pos(lst: list) -> int:
"
391,392,"একটি পূর্ণসংখ্যার বর্গমূলের জন্য একটি ফাংশন লিখুন।
Exammple:
sqrt_root(n)","def sqrt_root(n):
    if n < 0:
        raise ValueError('n must be non-negative')
    low, high = (0, n)
    while low <= high:
        mid = (low + high) // 2
        mid_sq = mid * mid
        if mid_sq == n:
            return mid
        elif mid_sq < n:
            low = mid + 1
        else:
            high = mid - 1
    return high
","""['assert sqrt_root(4)==2', 'assert sqrt_root(16)==4', 'assert sqrt_root(400)==20']""","Write a function to calculate the square root of an integer.

Example:

```python
def sqrt_root(n: int) -> float:
```
"
392,393,"একটি টেট্রাহেড্রনের আয়তন গণনা করার জন্য একটি ফাংশন লিখুন।
Exammple:
volume_tetrahedron(n)","import math

def volume_tetrahedron(n):
    return round(n ** 3 / (6 * math.sqrt(2)), 2)
","""['assert volume_tetrahedron(10)==117.85', 'assert volume_tetrahedron(15)==397.75', 'assert volume_tetrahedron(20)==942.81']""","Write a function to calculate the volume of a tetrahedron.

Example:
volume_tetrahedron(n) 
"
393,394,"প্রদত্ত অ্যারে উপাদানগুলির lcm খুঁজে পেতে একটি ফাংশন লিখুন।
Exammple:
get_lcm(lst)","import math

def get_lcm(lst):
    current_lcm = lst[0]
    for num in lst[1:]:
        current_gcd = math.gcd(current_lcm, num)
        current_lcm = current_lcm * num // current_gcd
    return current_lcm
","""['assert get_lcm([2, 7, 3, 9, 4]) == 252', 'assert get_lcm([1, 2, 8, 3]) == 24', 'assert get_lcm([3, 8, 4, 10, 5]) == 120']""","Write a function to find the least common multiple (LCM) of the elements in a given array.

Example:

def get_lcm(lst: list[int]) -> int:
"
394,395,"একটি ফাংশন লিখুন যাতে ট্রায়াঙ্গেলটি স্কেলিন কিনা তা পরীক্ষা করে।
Exammple:
check_isosceles(n, n2, n3)","def check_isosceles(n, n2, n3):
    a, b, c = sorted([n, n2, n3])
    if a + b <= c:
        return False
    return a != b and b != c and (a != c)
","""['assert check_isosceles(6,8,12)==True', 'assert check_isosceles(6,6,12)==False', 'assert check_isosceles(6,15,20)==True']""","Write a function to check if a triangle is scalene.

Example:

def check_scalene(n, n2, n3):
"
395,396,"প্রদত্ত অ্যারের জন্য দীর্ঘতম বিটোনিক উপসারণ খুঁজে পেতে একটি ফাংশন লিখুন।
Exammple:
lbs(lst)","def lbs(lst):
    n = len(lst)
    if n == 0:
        return 0
    lis = [1] * n
    for i in range(n):
        for j in range(i):
            if lst[j] < lst[i]:
                lis[i] = max(lis[i], lis[j] + 1)
    lds = [1] * n
    for i in range(n - 2, -1, -1):
        max_lds = 0
        for j in range(i + 1, n):
            if lst[j] < lst[i]:
                max_lds = max(max_lds, lds[j])
        lds[i] = 1 + max_lds
    max_len = 0
    for i in range(n):
        max_len = max(max_len, lis[i] + lds[i] - 1)
    return max_len
","""['assert lbs([0 , 8 , 4, 12, 2, 10 , 6 , 14 , 1 , 9 , 5 , 13, 3, 11 , 7 , 15]) == 7', 'assert lbs([1, 11, 2, 10, 4, 5, 2, 1]) == 6', 'assert lbs([80, 60, 30, 40, 20, 10]) == 5']""","Write a function to find the longest bitonic subsequence for a given array.
Example:
lbs(lst: list) -> int:
"
396,397,"একটি প্রদত্ত স্ট্রিংয়ে একটি বড় অক্ষর, একটি ছোট অক্ষর, একটি সংখ্যা এবং নির্দিষ্ট দৈর্ঘ্য রয়েছে কিনা তা পরীক্ষা করার জন্য একটি ফাংশন লিখুন ল্যাম্বদা ফাংশন ব্যবহার করে।
Exammple:
check_string(s)","def check_string(s):
    conditions = [lambda x: any((c.isupper() for c in x)), lambda x: any((c.isdigit() for c in x)), lambda x: len(x) >= 8]
    messages = ['String must have 1 upper case character.', 'String must have 1 number.', 'String length should be atleast 8.']
    errors = []
    for cond, msg in zip(conditions, messages):
        if not cond(s):
            errors.append(msg)
    return ['Valid string.'] if not errors else errors
","""[\""assert check_string('python')==['String must have 1 upper case character.', 'String must have 1 number.', 'String length should be atleast 8.']\"", \""assert check_string('123python')==['String must have 1 upper case character.']\"", \""assert check_string('123Python')==['Valid string.']\""]""","Write a function using lambda functions to check if a given string contains an uppercase letter, a lowercase letter, a number, and has a specific length.

Example:

```python
def check_string(s: str) -> bool:
```
"
397,398,"প্রদত্ত অ্যারের সর্বাধিক ক্রমবর্ধমান উপসারণের যোগফল খুঁজে বের করার জন্য একটি ফাংশন লিখুন।
Exammple:
max_sum_increasing_subsequence(lst, n)","def max_sum_increasing_subsequence(lst, n):
    dp = list(lst)
    for i in range(1, n):
        for j in range(i):
            if lst[j] < lst[i]:
                dp[i] = max(dp[i], dp[j] + lst[i])
    return max(dp)
","""['assert max_sum_increasing_subsequence([1, 101, 2, 3, 100, 4, 5], 7) == 106', 'assert max_sum_increasing_subsequence([3, 4, 5, 10], 4) == 22', 'assert max_sum_increasing_subsequence([10, 5, 4, 3], 4) == 10']""","Write a function to find the maximum sum of an increasing subsequence in a given array.

Example:

def max_sum_increasing_subsequence(lst: list[int]) -> int:
"
398,399,"দুটি প্রদত্ত লাইন সমান্তরাল কিনা তা পরীক্ষা করার জন্য একটি পাইথন ফাংশন লিখুন।
Exammple:
parallel_lines(lst, lst2)","def parallel_lines(lst, lst2):
    a1, b1 = (lst[0], lst[1])
    a2, b2 = (lst2[0], lst2[1])
    return a1 * b2 == a2 * b1
","""['assert parallel_lines([2,3,4], [2,3,8]) == True', 'assert parallel_lines([2,3,4], [4,-3,8]) == False', 'assert parallel_lines([3,3],[5,5]) == True']""","Write a Python function to check if two given lines are parallel.

Example:
def parallel_lines(line1: list[tuple[int, int]], line2: list[tuple[int, int]]) -> bool:
"
399,400,"একটি প্রদত্ত স্ট্রিং এর প্রতিটি শব্দের প্রথম এবং শেষ অক্ষরকে বড় করে লিখতে একটি পাইথন ফাংশন লিখুন।
Exammple:
capitalize_first_last_letters(s)","def capitalize_first_last_letters(s):
    words = s.split()
    processed = []
    for word in words:
        if not word:
            continue
        first = word[0].upper()
        last = word[-1].upper()
        middle = word[1:-1]
        new_word = first + middle + last
        processed.append(new_word)
    return ' '.join(processed)
","""['assert capitalize_first_last_letters(\""python\"") == \""PythoN\""', 'assert capitalize_first_last_letters(\""bigdata\"") == \""BigdatA\""', 'assert capitalize_first_last_letters(\""Hadoop\"") == \""HadooP\""']""","Write a Python function that capitalizes the first and last letters of each word in a given string.

Example:
capitalize_first_last_letters(s: str) -> str:
"
400,401,"একটি পূর্ণসংখ্যা অ্যারেতে সমস্ত জোড়া খুঁজে বের করার জন্য একটি ফাংশন লিখুন যার যোগফল একটি প্রদত্ত সংখ্যার সমান।
Exammple:
get_pairs_count(lst, n, n2)","def get_pairs_count(lst, n, n2):
    target = n2
    freq = {}
    count = 0
    for num in lst:
        complement = target - num
        count += freq.get(complement, 0)
        freq[num] = freq.get(num, 0) + 1
    return count
","""['assert get_pairs_count([1, 5, 7, -1, 5], 5, 6) == 3', 'assert get_pairs_count([1, 5, 7, -1], 4, 6) == 2', 'assert get_pairs_count([1, 1, 1, 1], 4, 2) == 6']""","Write a function to find all pairs in an integer array whose sum is equal to a given number.

Example:
get_pairs_count(lst: list[int], target_sum: int)
"
401,402,"সর্বনিম্ন দৈর্ঘ্যের তালিকা খুঁজে বের করার জন্য একটি ফাংশন লিখুন।
Exammple:
min_length(lst)","def min_length(lst):
    min_len = float('inf')
    min_sub = None
    for sub in lst:
        current_len = len(sub)
        if current_len < min_len:
            min_len = current_len
            min_sub = sub
    return (min_len, min_sub)
","""['assert min_length([[0], [1, 3], [5, 7], [9, 11], [13, 15, 17]])==(1, [0])', 'assert min_length([[1], [5, 7], [10, 12, 14,15]])==(1, [1])', 'assert min_length([[5], [15,20,25]])==(1, [5])']""","Write a function to find the list with the minimum length.
Example:
def min_length(lst: list) -> list:
"
402,403,"nth জ্যাকবস্টাল-লুকাস সংখ্যা খুঁজে বের করার জন্য একটি ফাংশন লিখুন।
Exammple:
jacobsthal_lucas(n)","def jacobsthal_lucas(n):
    if n == 0:
        return 2
    elif n == 1:
        return 1
    a, b = (2, 1)
    for i in range(2, n + 1):
        current = b + 2 * a
        a, b = (b, current)
    return b
","""['assert jacobsthal_lucas(5) == 31', 'assert jacobsthal_lucas(2) == 5', 'assert jacobsthal_lucas(4) == 17']""","Write a function to find the nth Jacobsthal-Lucas number.

Example:
jacobsthal_lucas(n: int) -> int
"
403,404,"পূর্ণসংখ্যার একটি অ্যারেতে নেতিবাচক সংখ্যার অনুপাত খুঁজে বের করার জন্য একটি ফাংশন লিখুন।
Exammple:
negative_count(lst)","def negative_count(lst):
    count_neg = sum((1 for x in lst if x < 0))
    return round(count_neg / len(lst), 2)
","""['assert negative_count([0, 1, 2, -1, -5, 6, 0, -3, -2, 3, 4, 6, 8])==0.31', 'assert negative_count([2, 1, 2, -1, -5, 6, 4, -3, -2, 3, 4, 6, 8])==0.31', 'assert negative_count([2, 4, -6, -9, 11, -12, 14, -5, 17])==0.44']""","Write a function to find the ratio of negative numbers in an array of integers.
Example:
def negative_count(lst: list[int]) -> float:
"
404,405,"একটি প্রদত্ত মান তৈরি করে এমন ন্যূনতম সংখ্যক মুদ্রা খুঁজে বের করার জন্য একটি ফাংশন লিখুন।
Exammple:
min_coins(lst, n, n2)","def min_coins(lst, n, n2):
    target = n2
    dp = [float('inf')] * (target + 1)
    dp[0] = 0
    for i in range(1, target + 1):
        for coin in lst:
            if coin <= i:
                dp[i] = min(dp[i], dp[i - coin] + 1)
    return dp[target] if dp[target] != float('inf') else -1
","""['assert min_coins([9, 6, 5, 1] ,4,11)==2', 'assert min_coins([4,5,6,7,8,9],6,9)==1', 'assert min_coins([1, 2, 3],3,4)==2']""","Write a function to find the minimum number of coins that make a given value.

Example:
min_coins(coins: list, amount: int)
"
405,406,"একটি ফাংশন লিখুন যা এই দুইটি স্ট্রিং একে অপরের পার্মুটেশন কিনা তা পরীক্ষা করে।
Exammple:
check_permutation(s, s2)","def check_permutation(s, s2):
    if len(s) != len(s2):
        return False
    return sorted(s) == sorted(s2)
","""['assert check_permutation(\""abc\"", \""cba\"") == True', 'assert check_permutation(\""test\"", \""ttew\"") == False', 'assert check_permutation(\""xxyz\"", \""yxzx\"") == True']""","Write a function that checks if two strings are permutations of each other.

Example:

def check_permutation(s: str, s2: str) -> bool:
"
406,407,"প্রদত্ত টিউপেল থেকে নির্দিষ্ট ডেটা টাইপ উপাদানগুলি সরিয়ে ফেলার জন্য একটি ফাংশন লিখুন।
Exammple:
remove_datatype(tup, param)","def remove_datatype(tup, param):
    return [elem for elem in tup if type(elem) != param]
","""['assert remove_datatype((4, 5, 4, 7.7, 1.2), int) == [7.7, 1.2]', 'assert remove_datatype((7, 8, 9, \""SR\""), str) == [7, 8, 9]', 'assert remove_datatype((7, 1.1, 2, 2.2), float) == [7, 2]']""","Write a function to remove elements of a specific data type from a given tuple.
Example:
remove_datatype(tup: tuple, data_type: type)
"
407,408,"একটি স্ট্রিংয়ের মধ্যে একটি আক্ষরিক স্ট্রিং অনুসন্ধান করার জন্য একটি ফাংশন লিখুন এবং মূল স্ট্রিংয়ের মধ্যে অবস্থানটি সন্ধান করুন যেখানে প্যাটার্নটি ঘটে।
Exammple:
search_literal(s, s2)","def search_literal(s, s2):
    start = s2.find(s)
    return (start, start + len(s))
","""[\""assert search_literal('python','python programming language')==(0,6)\"", \""assert search_literal('programming','python programming language')==(7,18)\"", \""assert search_literal('language','python programming language')==(19,27)\""]""","Write a function to search for a literal string within a string and find the position within the original string where the pattern occurs.

Example:

```python
def search_literal(s: str, s2: str) -> int:
```
"
408,409,"একটি সিলিন্ডারের উপরের বা নীচের পৃষ্ঠের ক্ষেত্রফল খুঁজে বের করার জন্য একটি ফাংশন লিখুন।
Exammple:
topbottom_surfacearea(n)","def topbottom_surfacearea(n):
    return n ** 2 * 3.1415
","""['assert topbottom_surfacearea(10)==314.15000000000003', 'assert topbottom_surfacearea(5)==78.53750000000001', 'assert topbottom_surfacearea(4)==50.264']""","Write a function to find the area of the top or bottom surface of a cylinder.

Example:
topbottom_surfacearea(radius)
"
409,410,"একটি তালিকার n-তম আইটেম নির্বাচন করার জন্য একটি ফাংশন লিখুন।
Exammple:
nth_items(lst, n)","def nth_items(lst, n):
    return lst[::n]
","""['assert nth_items([1, 2, 3, 4, 5, 6, 7, 8, 9],2)==[1, 3, 5, 7, 9] ', 'assert nth_items([10,15,19,17,16,18],3)==[10,17] ', 'assert nth_items([14,16,19,15,17],4)==[14,17]']""","Write a function to select the nth item from a list.
Example:
def nth_items(lst: list, n: int):
"
410,411,"একটি প্রদত্ত স্ট্রিং-এ প্রথম পুনরাবৃত্ত শব্দটি খুঁজে বের করার জন্য একটি পাইথন ফাংশন লিখুন।
Exammple:
first_repeated_word(s)","def first_repeated_word(s):
    seen = set()
    for word in s.split():
        if word in seen:
            return word
        seen.add(word)
    return 'None'
","""['assert first_repeated_word(\""ab ca bc ab\"") == \""ab\""', 'assert first_repeated_word(\""ab ca bc\"") == \\'None\\'', 'assert first_repeated_word(\""ab ca bc ca ab bc\"") == \""ca\""']""","Write a Python function to find the first repeated word in a given string.
Example:
first_repeated_word(s: str) -> str:
"
411,412,"একটি প্রদত্ত স্ট্রিং তালিকাকে একটি টিপলে রূপান্তর করতে একটি পাইথন ফাংশন লিখুন।
Exammple:
string_list_to_tuple(tup)","def string_list_to_tuple(tup):
    return tuple((c for c in tup if c != ' '))
","""['assert string_list_to_tuple((\""python 3.0\"")) == (\\'p\\', \\'y\\', \\'t\\', \\'h\\', \\'o\\', \\'n\\', \\'3\\', \\'.\\', \\'0\\')', 'assert string_list_to_tuple((\""bigdata\"")) == (\\'b\\', \\'i\\', \\'g\\', \\'d\\', \\'a\\', \\'t\\', \\'a\\')', 'assert string_list_to_tuple((\""language\"")) == (\\'l\\', \\'a\\', \\'n\\', \\'g\\', \\'u\\', \\'a\\', \\'g\\',\\'e\\')']""","Write a Python function to convert a given list of strings into a tuple.

Example:

string_list_to_tuple(string_list: list[str]) -> tuple[str]:
"
412,413,"মানচিত্র ফাংশন ব্যবহার করে সূচকের সংশ্লিষ্ট সংখ্যার উপর ভিত্তি করে এই সংখ্যার শক্তি ধারণকারী একটি তালিকা তৈরি করতে একটি ফাংশন লিখুন।
Exammple:
basesnum_coresspondingnum(lst, lst2)","def basesnum_coresspondingnum(lst, lst2):
    return list(map(lambda x: x[0] ** x[1], zip(lst, lst2)))
","""['assert basesnum_coresspondingnum([10, 20, 30, 40, 50, 60, 70, 80, 90, 100],[1, 2, 3, 4, 5, 6, 7, 8, 9, 10])==[10, 400, 27000, 2560000, 312500000, 46656000000, 8235430000000, 1677721600000000, 387420489000000000, 100000000000000000000]', 'assert basesnum_coresspondingnum([1, 2, 3, 4, 5, 6, 7],[10, 20, 30, 40, 50, 60, 70])==[1, 1048576, 205891132094649, 1208925819614629174706176, 88817841970012523233890533447265625, 48873677980689257489322752273774603865660850176, 143503601609868434285603076356671071740077383739246066639249]', 'assert basesnum_coresspondingnum([4, 8, 12, 16, 20, 24, 28],[3, 6, 9, 12, 15, 18, 21])==[64, 262144, 5159780352, 281474976710656, 32768000000000000000, 6979147079584381377970176, 2456510688823056210273111113728]']""","Write a function using the map function to create a list containing the power of each number in a list, where the power is determined by the corresponding number's index in another list.

Example:

def basesnum_coresspondingnum(lst: list, lst2: list) -> list:
"
413,414,"একটি প্রদত্ত অ্যারেতে সর্বোচ্চ এবং সর্বনিম্ন ফ্রিকোয়েন্সিগুলির মধ্যে পার্থক্য খুঁজে পেতে একটি পাইথন ফাংশন লিখুন।
Exammple:
find_Diff(lst, n)","from collections import Counter

def find_Diff(lst, n):
    counts = Counter(lst)
    frequencies = counts.values()
    if not frequencies:
        return 0
    return max(frequencies) - min(frequencies)
","""['assert find_Diff([1,1,2,2,7,8,4,5,1,4],10) == 2', 'assert find_Diff([1,7,9,2,3,3,1,3,3],9) == 3', 'assert find_Diff([1,2,1,2],4) == 0']""","Write a Python function to find the difference between the highest and lowest frequencies in a given array.

Example:
def find_Diff(lst: list, n: int) -> int:
"
414,415,"একটি ফাংশন লিখুন যেটা দিয়ে আপনি জানতে পারবেন যে, প্রদত্ত সংখ্যাটি প্রচুর পরিমাণে আছে কি না।
Exammple:
check_abundant(n)","import math

def check_abundant(n):
    if n <= 1:
        return False
    sum_div = 1
    sqrt_n = int(math.sqrt(n))
    for i in range(2, sqrt_n + 1):
        if n % i == 0:
            sum_div += i
            other = n // i
            if other != i:
                sum_div += other
    return sum_div > n
","""['assert check_abundant(12) == True', 'assert check_abundant(15) == False', 'assert check_abundant(18) == True']""","Write a function to determine if a given number is abundant.

Example:

def check_abundant(n: int) -> bool:
"
415,416,"একটি ফাংশন লিখুন যা রেজেক্স ব্যবহার করে প্রদত্ত স্ট্রিং-এ স্পেস, কমা বা বিন্দু-এর সবগুলো ঘটনার জায়গায় কলাম দিয়ে প্রতিস্থাপন করে।
Exammple:
fill_spaces(s)","import re

def fill_spaces(s):
    return re.sub('[ ,.]', ':', s)
","""[\""assert fill_spaces('Boult Curve Wireless Neckband') == 'Boult:Curve:Wireless:Neckband'\"", \""assert fill_spaces('Stereo Sound Sweatproof') == 'Stereo:Sound:Sweatproof'\"", \""assert fill_spaces('Probass Curve Audio') == 'Probass:Curve:Audio'\""]""","Write a function that uses regular expressions to replace all occurrences of spaces, commas, or periods in a given string with colons.

Example:
def fill_spaces(s: str) -> str:
"
416,417,"দুটি সংখ্যা যোগ করার জন্য একটি ফাংশন লিখুন এবং সমষ্টির সংখ্যা মুদ্রণ করুন।
Exammple:
count_digits(n, n2)","def count_digits(n, n2):
    return len(str(abs(n + n2)))
","""['assert count_digits(9875,10)==(4)', 'assert count_digits(98759853034,100)==(11)', 'assert count_digits(1234567,500)==(7)']""","Write a function to add two numbers and print the sum.

Example:
add_numbers(number1, number2)
"
417,418,"একটি স্ট্রিং এ টিপল তালিকা সমতল করার জন্য একটি ফাংশন লিখুন।
Exammple:
flatten_tuple(lst)","def flatten_tuple(lst):
    return ' '.join((element for t in lst for element in t))
","""[\""assert flatten_tuple([('1', '4', '6'), ('5', '8'), ('2', '9'), ('1', '10')]) == '1 4 6 5 8 2 9 1 10'\"", \""assert flatten_tuple([('2', '3', '4'), ('6', '9'), ('3', '2'), ('2', '11')]) == '2 3 4 6 9 3 2 2 11'\"", \""assert flatten_tuple([('14', '21', '9'), ('24', '19'), ('12', '29'), ('23', '17')]) == '14 21 9 24 19 12 29 23 17'\""]""","Write a function to flatten a list of tuples into a string.

Example:

def flatten_tuple(lst: list[tuple]) -> str:
"
418,419,"একটি পাইথন ফাংশন লিখুন যা একটি প্রদত্ত সংখ্যার প্রথম এবং শেষ বিটকে টগল করে।
Exammple:
toggle_F_and_L_bits(n)","def toggle_F_and_L_bits(n):
    highest_bit_mask = 1 << n.bit_length() - 1
    return n ^ highest_bit_mask ^ 1
","""['assert toggle_F_and_L_bits(10) == 3', 'assert toggle_F_and_L_bits(15) == 6', 'assert toggle_F_and_L_bits(20) == 5']""","Write a Python function that toggles the first and last bits of a given number.

Example:

def toggle_F_and_L_bits(n: int) -> int:
"
419,420,"একটি স্ট্রিংয়ে অক্ষরের শেষ উপস্থিতি খুঁজে বের করার জন্য একটি ফাংশন লিখুন।
Exammple:
last_occurence_char(s, s2)","def last_occurence_char(s, s2):
    pos = s.rfind(s2)
    return pos + 1 if pos != -1 else None
","""['assert last_occurence_char(\""hello world\"",\\'l\\')==10', 'assert last_occurence_char(\""language\"",\\'g\\')==7', 'assert last_occurence_char(\""little\"",\\'y\\')==None']""","Write a function to find the last occurrence of a character in a string.
Example:
last_occurence_char(s: str, s2: str) -> int:
"
420,421,"একটি পাইথন ফাংশন লিখুন যাতে o থেকে n পর্যন্ত সমস্ত পরপর সংখ্যার হ্যামিং দূরত্বের যোগফল পাওয়া যায়।
Exammple:
Total_Hamming_Distance(n)","def Total_Hamming_Distance(n):
    sum_s = 0
    i = 1
    while True:
        divisor = 2 ** i
        if divisor > n:
            break
        sum_s += n // divisor
        i += 1
    return n + sum_s
","""['assert Total_Hamming_Distance(4) == 7', 'assert Total_Hamming_Distance(2) == 3', 'assert Total_Hamming_Distance(5) == 8']""","Write a Python function to find the sum of Hamming distances of all consecutive numbers from 0 to n.

Example:

```python
def total_hamming_distance(n: int) -> int:
  # Function implementation here
  pass
```
"
421,422,"প্রদত্ত ক্রমের দীর্ঘতম ক্রমবর্ধমান উপসারণের দৈর্ঘ্য খুঁজে বের করার জন্য একটি ফাংশন লিখুন।
Exammple:
longest_increasing_subsequence(lst)","def longest_increasing_subsequence(lst):
    if not lst:
        return 0
    dp = [1] * len(lst)
    for i in range(len(lst)):
        for j in range(i):
            if lst[j] < lst[i]:
                dp[i] = max(dp[i], dp[j] + 1)
    return max(dp)
","""['assert longest_increasing_subsequence([10, 22, 9, 33, 21, 50, 41, 60]) == 5', 'assert longest_increasing_subsequence([3, 10, 2, 1, 20]) == 3', 'assert longest_increasing_subsequence([50, 3, 10, 7, 40, 80]) == 4 ']""","Write a function to find the length of the longest increasing subsequence of a given sequence.

Example:
```python
def longest_increasing_subsequence(lst: list[int]) -> int:
```
"
422,423,"প্রথম n অদ্ভুত প্রাকৃতিক সংখ্যার পঞ্চম ক্ষমতার যোগফল খুঁজে বের করার জন্য একটি পাইথন ফাংশন লিখুন।
Exammple:
odd_Num_Sum(n)","def odd_Num_Sum(n):
    total = 0
    for k in range(1, n + 1):
        total += (2 * k - 1) ** 5
    return total
","""['assert odd_Num_Sum(1) == 1', 'assert odd_Num_Sum(2) == 244', 'assert odd_Num_Sum(3) == 3369']""","Write a Python function to find the sum of the fifth powers of the first n odd natural numbers.

Example:
def odd_Num_Sum(n):
"
423,424,"একটি সাজানো এবং ঘূর্ণিত অ্যারেতে সর্বাধিক উপাদান খুঁজে পেতে একটি পাইথন ফাংশন লিখুন।
Exammple:
find_Max(lst, n, n2)","def find_Max(lst, n, n2):
    return max(lst[n:n2 + 1])
","""['assert find_Max([2,3,5,6,9],0,4) == 9', 'assert find_Max([3,4,5,2,1],0,4) == 5', 'assert find_Max([1,2,3],0,2) == 3']""","Write a Python function to find the maximum element in a sorted and rotated array.

Example:
`find_Max(lst: list, n: int) -> int:`
"
424,425,"একটি প্রদত্ত নেস্টেড তালিকা থেকে একটি নির্দিষ্ট কলাম বের করার জন্য একটি ফাংশন লিখুন।
Exammple:
extract_column(lst, n)","def extract_column(lst, n):
    return [sublist[n] for sublist in lst]
","""['assert extract_column([[1, 2, 3], [2, 4, 5], [1, 1, 1]],0)==[1, 2, 1]', 'assert extract_column([[1, 2, 3], [-2, 4, -5], [1, -1, 1]],2)==[3, -5, 1]', 'assert extract_column([[1, 3], [5, 7], [1, 3], [13, 15, 17], [5, 7], [9, 11]],0)==[1, 5, 1, 13, 5, 9]']""","Write a function to extract a specific column from a given nested list.
Example:
extract_column(lst: list[list[any]], n: int) -> list[any]:
"
425,426,"একটি প্রদত্ত ক্রমটি রৈখিক কিনা তা পরীক্ষা করার জন্য একটি পাইথন ফাংশন লিখুন।
Exammple:
Seq_Linear(lst)","def Seq_Linear(lst):
    if len(lst) < 2:
        return 'Non Linear Sequence'
    diff = lst[1] - lst[0]
    for i in range(2, len(lst)):
        if lst[i] - lst[i - 1] != diff:
            return 'Non Linear Sequence'
    return 'Linear Sequence'
","""['assert Seq_Linear([0,2,4,6,8,10]) == \""Linear Sequence\""', 'assert Seq_Linear([1,2,3]) == \""Linear Sequence\""', 'assert Seq_Linear([1,5,2]) == \""Non Linear Sequence\""']""","Write a Python function to check if a given sequence is linear.

Example:

```python
def Seq_Linear(lst: list) -> bool:
    # Function implementation here
    pass
```
"
426,427,"একটি ফাংশন লিখুন যেটি প্রদত্ত টিউপলকে একটি ফ্লোটিং-পয়েন্ট সংখ্যায় রূপান্তর করবে।
Exammple:
tuple_to_float(tup)","def tuple_to_float(tup):
    return float(str(tup[0]) + '.' + str(tup[1]))
","""['assert tuple_to_float((4, 56)) == 4.56', 'assert tuple_to_float((7, 256)) == 7.256', 'assert tuple_to_float((8, 123)) == 8.123']""","Write a function that converts a given tuple into a floating-point number.

Example:
tuple_to_float(tup: tuple) -> float
"
427,428,"একটি মিশ্র তালিকা থেকে অদ্ভুত সংখ্যা খুঁজে পেতে একটি পাইথন ফাংশন লিখুন।
Exammple:
Split(lst)","def Split(lst):
    return [x for x in lst if x % 2 != 0]
","""['assert Split([1,2,3,4,5,6]) == [1,3,5]', 'assert Split([10,11,12,13]) == [11,13]', 'assert Split([7,8,9,1]) == [7,9,1]']""","Write a Python function to find the odd numbers from a mixed list.

Example:
Split(lst: list) -> list
"
428,429,"প্রথম n টি প্রাকৃতিক সংখ্যার ঘনক্ষেত্রের যোগফল এবং প্রথম n টি প্রাকৃতিক সংখ্যার যোগফলের মধ্যে পার্থক্য খুঁজে বের করার জন্য একটি পাইথন ফাংশন লিখুন।
Exammple:
difference(n)","def difference(n):
    s = n * (n + 1) // 2
    return s * (s - 1)
","""['assert difference(3) == 30', 'assert difference(5) == 210', 'assert difference(2) == 6']""","Write a Python function to find the difference between the sum of the cubes of the first n natural numbers and the square of the sum of the first n natural numbers.
Example:
difference(n: int) -> int:
"
429,430,"একটি পাইথন ফাংশন লিখুন যা xor কে অদ্ভুত সংখ্যার সাথে জোড়া করে গণনা করে।
Exammple:
find_Odd_Pair(lst, n)","def find_Odd_Pair(lst, n):
    xor = 0
    for num in lst[:n]:
        if num % 2 == 1:  # odd numbers ✅
            xor ^= num
    return xor

","""['assert find_Odd_Pair([5,4,7,2,1],5) == 6', 'assert find_Odd_Pair([7,2,8,1,0,5,11],7) == 12', 'assert find_Odd_Pair([1,2,3],3) == 2']""","Write a Python function that calculates the XOR of all odd numbers in a list.

Example:

def find_Odd_Pair(lst: list, n: int):
"
430,431,"একটি স্ট্রিংয়ে অক্ষর কেস টগল করার জন্য একটি ফাংশন লিখুন।
Exammple:
toggle_string(s)","def toggle_string(s):
    return s.swapcase()
","""['assert toggle_string(\""Python\"")==(\""pYTHON\"")', 'assert toggle_string(\""Pangram\"")==(\""pANGRAM\"")', 'assert toggle_string(\""LIttLE\"")==(\""liTTle\"")']""","Write a function to toggle the case of characters in a string.

Example:
toggle_string(s: str) -> str
"
431,432,"দুটি পূর্ণসংখ্যার মধ্যে অঙ্ক দূরত্ব খুঁজে পেতে একটি পাইথন ফাংশন লিখুন।
Exammple:
digit_distance_nums(n, n2)","def digit_distance_nums(n, n2):
    s1 = str(n)
    s2 = str(n2)
    max_len = max(len(s1), len(s2))
    s1_padded = s1.zfill(max_len)
    s2_padded = s2.zfill(max_len)
    total = 0
    for d1, d2 in zip(s1_padded, s2_padded):
        total += abs(int(d1) - int(d2))
    return total
","""['assert digit_distance_nums(1,2) == 1', 'assert digit_distance_nums(23,56) == 6', 'assert digit_distance_nums(123,256) == 7']""","Write a Python function to find the digit distance between two integers.
Example:
digit_distance_nums(n: int, n2: int)
"
432,433,"প্রদত্ত অ্যারেতে সংলগ্ন সাবঅ্যারেগুলির বৃহত্তম যোগফল খুঁজে পেতে একটি ফাংশন লিখুন।
Exammple:
max_sub_array_sum(lst, n)","def max_sub_array_sum(lst, n):
    if n == 0:
        return 0
    max_current = max_global = lst[0]
    for i in range(1, n):
        current_num = lst[i]
        max_current = max(current_num, max_current + current_num)
        if max_current > max_global:
            max_global = max_current
    return max_global
","""['assert max_sub_array_sum([-2, -3, 4, -1, -2, 1, 5, -3], 8) == 7', 'assert max_sub_array_sum([-3, -4, 5, -2, -3, 2, 6, -4], 8) == 8', 'assert max_sub_array_sum([-4, -5, 6, -3, -4, 3, 7, -5], 8) == 10']""","Write a function to find the largest sum of contiguous subarrays in a given array.

Example:

max_sub_array_sum(lst: list, n: int) -> int:
"
433,434,"প্রদত্ত টুপলগুলির উপাদানগুলির ইউনিয়ন খুঁজে পেতে একটি ফাংশন লিখুন।
Exammple:
union_elements(tup, tup2)","def union_elements(tup, tup2):
    seen = set()
    result = []
    for elem in tup:
        if elem not in seen:
            seen.add(elem)
            result.append(elem)
    for elem in tup2:
        if elem not in seen:
            seen.add(elem)
            result.append(elem)
    return tuple(result)
","""['assert union_elements((3, 4, 5, 6),(5, 7, 4, 10) ) == (3, 4, 5, 6, 7, 10)', 'assert union_elements((1, 2, 3, 4),(3, 4, 5, 6) ) == (1, 2, 3, 4, 5, 6)', 'assert union_elements((11, 12, 13, 14),(13, 15, 16, 17) ) == (11, 12, 13, 14, 15, 16, 17)']""","Write a function to find the union of the elements of the given tuples.

Example:
union_elements(tup1: tuple, tup2: tuple)
"
434,435,"একটি ফাংশন লিখুন যাতে প্রতিটি উপাদানকে, তার জোড়া উপাদানকে প্রদত্ত টিপলের অন্যান্য অনুরূপ জোড়া থেকে বরাদ্দ করা যায়।
Exammple:
assign_elements(lst)","def assign_elements(lst):
    elements = set()
    for pair in lst:
        elements.update(pair)
    result = {elem: [] for elem in elements}
    for a, b in lst:
        result[a].append(b)
    return result
","""['assert assign_elements([(5, 3), (7, 5), (2, 7), (3, 8), (8, 4)] ) == {3: [8], 5: [3], 7: [5], 2: [7], 8: [4], 4: []}', 'assert assign_elements([(6, 4), (9, 4), (3, 8), (4, 9), (9, 5)] ) == {4: [9], 6: [4], 9: [4, 5], 8: [], 3: [8], 5: []}', 'assert assign_elements([(6, 2), (6, 8), (4, 9), (4, 9), (3, 7)] ) == {2: [], 6: [2, 8], 8: [], 9: [], 4: [9, 9], 7: [], 3: [7]}']""","Write a function that assigns each element to its corresponding pair element from other similar pairs in a given tuple.

Example:
assign_elements(lst: tuple) -> None:
"
435,436,"উপ-তালিকার সর্বোচ্চ দৈর্ঘ্য খুঁজে পেতে একটি পাইথন ফাংশন লিখুন।
Exammple:
Find_Max_Length(lst)","def Find_Max_Length(lst):
    return max((len(sublist) for sublist in lst)) if lst else 0
","""['assert Find_Max_Length([[1],[1,4],[5,6,7,8]]) == 4', 'assert Find_Max_Length([[0,1],[2,2,],[3,2,1]]) == 3', 'assert Find_Max_Length([[7],[22,23],[13,14,15],[10,20,30,40,50]]) == 5']""","Write a Python function to find the maximum length of a sublist.

Example:

```python
def find_max_length(lst: list[list]) -> int:
```
"
436,437,"একটি স্ট্রিং এর উদ্ধৃতি চিহ্নের মধ্যে থেকে মান বের করার জন্য একটি ফাংশন লিখুন।
Exammple:
extract_values(s)","import re

def extract_values(s):
    return re.findall('""([^""]*)""', s)
","""['assert extract_values(\\'\""Python\"", \""PHP\"", \""Java\""\\')==[\\'Python\\', \\'PHP\\', \\'Java\\']', 'assert extract_values(\\'\""python\"",\""program\"",\""language\""\\')==[\\'python\\',\\'program\\',\\'language\\']', 'assert extract_values(\\'\""red\"",\""blue\"",\""green\"",\""yellow\""\\')==[\\'red\\',\\'blue\\',\\'green\\',\\'yellow\\']']""","Write a function to extract the value from inside quotation marks in a string.

Example:

extract_values(s: str) -> str:
"
437,438,"প্রদত্ত অ্যারে থেকে অসম উপাদান জোড়া গণনা করার জন্য একটি পাইথন ফাংশন লিখুন।
Exammple:
count_Pairs(lst, n)","import collections

def count_Pairs(lst, n):
    freq = collections.Counter(lst)
    total = n * (n - 1) // 2
    same_pairs = sum((v * (v - 1) // 2 for v in freq.values()))
    return total - same_pairs
","""['assert count_Pairs([1,2,1],3) == 2', 'assert count_Pairs([1,1,1,1],4) == 0', 'assert count_Pairs([1,2,3,4,5],5) == 10']""","Write a Python function to count the number of unequal element pairs from a given array.
Example:
def count_Pairs(lst: list, n: int) -> int:
"
438,439,"একটি স্ট্রিংকে অক্ষরে বিভক্ত করার জন্য একটি পাইথন ফাংশন লিখুন।
Exammple:
split(s)","def split(s):
    return list(s)
","""[\""assert split('python') == ['p','y','t','h','o','n']\"", \""assert split('Name') == ['N','a','m','e']\"", \""assert split('program') == ['p','r','o','g','r','a','m']\""]""","Write a Python function to split a string into individual characters.

Example:

split(s: str) -> list[str]:
"
439,440,"একটি অ-নতিবাচক পূর্ণসংখ্যার যোগফল পেতে একটি ফাংশন লিখুন।
Exammple:
sum_digits(n)","def sum_digits(n):
    total = 0
    while n > 0:
        total += n % 10
        n = n // 10
    return total
","""['assert sum_digits(345)==12', 'assert sum_digits(12)==3', 'assert sum_digits(97)==16']""","Write a function to get the sum of the digits of a non-negative integer.

Example:

def sum_digits(n: int) -> int:
"
440,441,"একটি নির্দিষ্ট তালিকা সাজানো আছে কিনা তা পরীক্ষা করার জন্য একটি ফাংশন লিখুন।
Exammple:
issort_list(lst)","def issort_list(lst):
    for i in range(len(lst) - 1):
        if lst[i] > lst[i + 1]:
            return False
    return True
","""['assert issort_list([1,2,4,6,8,10,12,14,16,17])==True', 'assert issort_list([1, 2, 4, 6, 8, 10, 12, 14, 20, 17])==False', 'assert issort_list([1, 2, 4, 6, 8, 10,15,14,20])==False']""","Write a function to check if a given list is sorted.

Example:
is_sorted(lst: list) -> bool:
"
441,442,"খালি অভিধানের একটি তালিকা তৈরি করতে একটি ফাংশন লিখুন।
Exammple:
empty_list(n)","def empty_list(n):
    return [{} for _ in range(n)]
","""['assert empty_list(5)==[{},{},{},{},{}]', 'assert empty_list(6)==[{},{},{},{},{},{}]', 'assert empty_list(7)==[{},{},{},{},{},{},{}]']""","Write a function to create a list of empty dictionaries.

Example:

def empty_list(n):
"
442,443,"একটি প্রদত্ত তালিকার প্রতিটি স্ট্রিংয়ের উপ-তালিকা বাছাই করার জন্য একটি ফাংশন লিখুন।
Exammple:
sort_sublists(lst)","def sort_sublists(lst):
    return [sorted(sublist) for sublist in lst]
","""[\""assert sort_sublists([['green', 'orange'], ['black', 'white'], ['white', 'black', 'orange']])==[['green', 'orange'], ['black', 'white'], ['black', 'orange', 'white']]\"", \""assert sort_sublists([['green', 'orange'], ['black'], ['green', 'orange'], ['white']])==[['green', 'orange'], ['black'], ['green', 'orange'], ['white']]\"", \""assert sort_sublists([['a','b'],['d','c'],['g','h'] , ['f','e']])==[['a', 'b'], ['c', 'd'], ['g', 'h'], ['e', 'f']]\""]""","Write a function to sort the sublists of each string in a given list.

Example:

def sort_sublists(lst: list[str]) -> list[list[str]]:
"
443,444,"একটি অক্ষর বা স্ট্রিং ধারণকারী স্ট্রিংগুলির একটি প্রদত্ত তালিকা থেকে শব্দগুলি সরিয়ে ফেলার জন্য একটি ফাংশন লিখুন।
Exammple:
remove_words(lst, lst2)","def remove_words(lst, lst2):
    result = []
    for s in lst:
        words = s.split()
        filtered = []
        for word in words:
            include = True
            for forbidden in lst2:
                if forbidden in word:
                    include = False
                    break
            if include:
                filtered.append(word)
        joined = ' '.join(filtered)
        result.append(joined)
    return result
","""['assert remove_words([\\'Red color\\', \\'Orange#\\', \\'Green\\', \\'Orange @\\', \""White\""],[\\'#\\', \\'color\\', \\'@\\'])==[\\'Red\\', \\'\\', \\'Green\\', \\'Orange\\', \\'White\\']', \""assert remove_words(['Red &', 'Orange+', 'Green', 'Orange @', 'White'],['&', '+', '@'])==['Red', '', 'Green', 'Orange', 'White']\"", \""assert remove_words(['Red &', 'Orange+', 'Green', 'Orange @', 'White'],['@'])==['Red &', 'Orange+', 'Green', 'Orange', 'White']\""]""","Write a function to remove words from a given list of strings that contain a character or string from another list.

Example:
remove_words(lst: list[str], lst2: list[str])
"
444,445,"একটি পূর্ণসংখ্যা এবং k সংখ্যার প্রদত্ত অ্যারের জন্য বিচ্ছিন্ন জোড়ের সর্বাধিক সম্ভাব্য যোগফল খুঁজে বের করার জন্য একটি ফাংশন লিখুন।
Exammple:
max_sum_pair_diff_lessthan_K(lst, n, n2)","def max_sum_pair_diff_lessthan_K(lst, n, n2):
    lst_sorted = sorted(lst)
    total = 0
    i = n - 1
    while i >= 1:
        if lst_sorted[i] - lst_sorted[i - 1] < n2:
            total += lst_sorted[i] + lst_sorted[i - 1]
            i -= 2
        else:
            i -= 1
    return total
","""['assert max_sum_pair_diff_lessthan_K([3, 5, 10, 15, 17, 12, 9], 7, 4) == 62', 'assert max_sum_pair_diff_lessthan_K([5, 15, 10, 300], 4, 12) == 25', 'assert max_sum_pair_diff_lessthan_K([1, 2, 3, 4, 5, 6], 6, 6) == 21']""","Write a function to find the maximum possible sum of disjoint pairs for a given array of integers and a number k, where the absolute difference between the numbers in each pair is less than k.

Example:

max_sum_pair_diff_less_than_k(lst: list[int], k: int) -> int:
"
445,446,"একটি নির্দিষ্ট সংখ্যক তালিকা থেকে দুটি ডুপ্লিকেট সংখ্যা অপসারণের জন্য একটি পাইথন ফাংশন লিখুন।
Exammple:
two_unique_nums(lst)","from collections import Counter

def two_unique_nums(lst):
    counts = Counter(lst)
    return [x for x in lst if counts[x] == 1]
","""['assert two_unique_nums([1,2,3,2,3,4,5]) == [1, 4, 5]', 'assert two_unique_nums([1,2,3,2,4,5]) == [1, 3, 4, 5]', 'assert two_unique_nums([1,2,3,4,5]) == [1, 2, 3, 4, 5]']""","Write a Python function to remove two duplicate numbers from a given list.
Example:
two_unique_nums(lst: list) -> list:
"
446,447,"একটি নির্দিষ্ট তালিকার অনন্য সংখ্যার গুণফল গণনা করার জন্য একটি পাইথন ফাংশন লিখুন।
Exammple:
unique_product(lst)","def unique_product(lst):
    unique = set(lst)
    product = 1
    for num in unique:
        product *= num
    return product
","""['assert unique_product([10, 20, 30, 40, 20, 50, 60, 40]) ==  720000000', 'assert unique_product([1, 2, 3, 1,]) == 6', 'assert unique_product([7, 8, 9, 0, 1, 1]) == 0']""","Write a Python function to calculate the product of the unique numbers in a given list.

Example:
def unique_product(lst: list) -> int:
"
447,448,"একটি সিলিন্ডারের পৃষ্ঠতল এলাকা খুঁজে বের করার জন্য একটি ফাংশন লিখুন।
Exammple:
surfacearea_cylinder(n, n2)","def surfacearea_cylinder(n, n2):
    return 2 * 3.1415 * n * (n + n2)
","""['assert surfacearea_cylinder(10,5)==942.45', 'assert surfacearea_cylinder(4,5)==226.18800000000002', 'assert surfacearea_cylinder(4,10)==351.848']""","Write a function to find the surface area of a cylinder.
Example:
surfacearea_cylinder(radius, height)
"
448,449,"একটি অনুক্রমের মধ্যে n-তম সংখ্যা খুঁজে বের করার জন্য একটি পাইথন ফাংশন লিখুন যা প্রদত্ত সংখ্যার বহুবচন নয়।
Exammple:
count_no(n, n2, n3, n4)","def count_no(n, n2, n3, n4):
    divisors = [d for d in (n2, n3, n4) if d > 1]  # only exclude n2..n4 if >1
    current = 1
    count = 0
    while True:
        if all(current % d != 0 for d in divisors):
            count += 1
            if count == n:
                return current
        current += 1

","""['assert count_no(2,3,1,10) == 5', 'assert count_no(3,6,4,20) == 11', 'assert count_no(5,10,4,20) == 16']""","Write a Python function to find the n-th number in a sequence that is not a multiple of the given numbers.

Example:

```python
def count_no(n: int, n2: int, n3: int, n4: int) -> int:
    pass
```
"
449,450,"একটি অ্যারে অন্য একটি অ্যারের উপ-অ্যারে কিনা তা পরীক্ষা করার জন্য একটি পাইথন ফাংশন লিখুন।
Exammple:
is_Sub_Array(lst, lst2, n, n2)","def is_Sub_Array(lst, lst2, n, n2):
    if n2 > n:
        return False
    for i in range(n - n2 + 1):
        if lst[i:i + n2] == lst2:
            return True
    return False
","""['assert is_Sub_Array([1,4,3,5],[1,2],4,2) == False', 'assert is_Sub_Array([1,2,1],[1,2,1],3,3) == True', 'assert is_Sub_Array([1,0,2,2],[2,2,0],4,3) ==False']""","Write a Python function to check if one array is a sub-array of another array.

Example:

is_Sub_Array(lst1: list, lst2: list)
"
450,451,"একটি প্রদত্ত সংখ্যার ফ্যাক্টরিয়ালের শেষ অঙ্কটি খুঁজে পেতে একটি পাইথন ফাংশন লিখুন।
Exammple:
last_Digit_Factorial(n)","def last_Digit_Factorial(n):
    if n >= 5:
        return 0
    fact = 1
    for i in range(1, n + 1):
        fact *= i
    return fact % 10
","""['assert last_Digit_Factorial(4) == 4', 'assert last_Digit_Factorial(21) == 0', 'assert last_Digit_Factorial(30) == 0']""","Write a Python function to find the last digit of the factorial of a given number.

Example:
def last_Digit_Factorial(n):
"
451,452,"একই দৈর্ঘ্যের তালিকাকে একত্রিত করার জন্য একটি ফাংশন লিখুন।
Exammple:
interleave_lists(lst, lst2, lst3)","def interleave_lists(lst, lst2, lst3):
    result = []
    for i in range(len(lst)):
        result.append(lst[i])
        result.append(lst2[i])
        result.append(lst3[i])
    return result
","""['assert interleave_lists([1,2,3,4,5,6,7],[10,20,30,40,50,60,70],[100,200,300,400,500,600,700])==[1, 10, 100, 2, 20, 200, 3, 30, 300, 4, 40, 400, 5, 50, 500, 6, 60, 600, 7, 70, 700]', 'assert interleave_lists([10,20],[15,2],[5,10])==[10,15,5,20,2,10]', 'assert interleave_lists([11,44], [10,15], [20,5])==[11,10,20,44,15,5]']""","Write a function to interleave lists of the same length.

Example:

def interleave_lists(lst1: list, lst2: list, lst3: list) -> list:
"
452,453,"প্রদত্ত দুটি টুপলে ভিন্ন উপাদান খুঁজে পেতে একটি ফাংশন লিখুন।
Exammple:
find_dissimilar(tup, tup2)","def find_dissimilar(tup, tup2):
    set1, set2 = set(tup), set(tup2)
    part1 = [x for x in tup if x not in set2]   # unique from tup
    part2 = [x for x in tup2 if x not in set1]  # unique from tup2
    # Expected order: dissimilar from tup2 first, then from tup
    return tuple(part2 + part1)
","""['assert find_dissimilar((3, 4, 5, 6), (5, 7, 4, 10)) == (3, 6, 7, 10)', 'assert find_dissimilar((1, 2, 3, 4), (7, 2, 3, 9)) == (1, 4, 7, 9)', 'assert find_dissimilar((21, 11, 25, 26), (26, 34, 21, 36)) == (34, 36, 11, 25)']""","Write a function to find the dissimilar elements between two given tuples.

Example:
find_dissimilar(tup1: tuple, tup2: tuple)
"
453,454,"একটি ফাংশন লিখুন যাতে নেস্টেড মিশ্র টুপলে সম উপাদানগুলি বের করা যায়।
Exammple:
extract_even(tup)","def extract_even(tup):
    result = []
    for elem in tup:
        if isinstance(elem, tuple):
            sub_result = extract_even(elem)
            result.append(sub_result)
        elif elem % 2 == 0:
            result.append(elem)
    return tuple(result)
","""['assert extract_even((4, 5, (7, 6, (2, 4)), 6, 8)) == (4, (6, (2, 4)), 6, 8)', 'assert extract_even((5, 6, (8, 7, (4, 8)), 7, 9)) == (6, (8, (4, 8)))', 'assert extract_even((5, 6, (9, 8, (4, 6)), 8, 10)) == (6, (8, (4, 6)), 8, 10)']""","Write a function to extract even elements from a nested mixed tuple.

Example:

def extract_even(tup):
"
454,455,"বর্গক্ষেত্রের পিরামিডের পৃষ্ঠতল এলাকা খুঁজে বের করার জন্য একটি পাইথন ফাংশন লিখুন।
Exammple:
surface_Area(n, n2)","def surface_Area(n, n2):
    return n ** 2 + 2 * n * n2
","""['assert surface_Area(3,4) == 33', 'assert surface_Area(4,5) == 56', 'assert surface_Area(1,2) == 5']""","Write a Python function to find the surface area of a square pyramid.

Example:

surface_Area(base_length, slant_height)
"
455,456,"একটি অভিধান খালি আছে কিনা তা পরীক্ষা করার জন্য একটি ফাংশন লিখুন।
Exammple:
my_dict(dct)","def my_dict(dct):
    return not dct
","""['assert my_dict({10})==False', 'assert my_dict({11})==False', 'assert my_dict({})==True']""","Write a function to check if a dictionary is empty.

Example:

def my_dict(dct: dict) -> bool:
"
456,457,"nth কাতালান সংখ্যার জন্য একটি ফাংশন লিখুন।
Exammple:
catalan_number(n)","import math

def catalan_number(n):
    return math.comb(2 * n, n) // (n + 1)
","""['assert catalan_number(10)==16796', 'assert catalan_number(9)==4862', 'assert catalan_number(7)==429']""","Write a function to calculate the nth Catalan number.

Example:

catalan_number(n: int) -> int:
"
457,458,"রেজেক্স ব্যবহার করে একটি নির্দিষ্ট বাক্যে সমস্ত বিশেষণ এবং তাদের অবস্থান খুঁজে পেতে একটি ফাংশন লিখুন।
Exammple:
find_adverbs(s)","import re

def find_adverbs(s):
    match = re.search('\\b(\\w+ly)\\b', s)
    if match:
        start = match.start(1)
        end = match.end(1)
        return f'{start}-{end}: {match.group(1)}'
    return ''
","""['assert find_adverbs(\""Clearly, he has no excuse for such behavior.\"") == \\'0-7: Clearly\\'', 'assert find_adverbs(\""Please handle the situation carefuly\"") == \\'28-36: carefuly\\'', 'assert find_adverbs(\""Complete the task quickly\"") == \\'18-25: quickly\\'']""","Write a function using regular expressions to find all adjectives and their positions in a given sentence.
Example:
def find_adjectives(s: str) -> list[tuple[str, int]]:
"
458,459,"একটি ডেটাসেট থেকে n- ব্যয়বহুল মূল্যের আইটেমগুলি খুঁজে বের করার জন্য একটি ফাংশন লিখুন।
Exammple:
expensive_items(lst, n)","def expensive_items(lst, n):
    return sorted(lst, key=lambda x: x['price'], reverse=True)[:n]
","""[\""assert expensive_items([{'name': 'Item-1', 'price': 101.1},{'name': 'Item-2', 'price': 555.22}],1)==[{'name': 'Item-2', 'price': 555.22}]\"", \""assert expensive_items([{'name': 'Item-1', 'price': 101.1},{'name': 'Item-2', 'price': 555.22}, {'name': 'Item-3', 'price': 45.09}],2)==[{'name': 'Item-2', 'price': 555.22},{'name': 'Item-1', 'price': 101.1}]\"", \""assert expensive_items([{'name': 'Item-1', 'price': 101.1},{'name': 'Item-2', 'price': 555.22}, {'name': 'Item-3', 'price': 45.09},{'name': 'Item-4', 'price': 22.75}],1)==[{'name': 'Item-2', 'price': 555.22}]\""]""","Write a function to find the n most expensive items from a dataset.

Example:

def expensive_items(lst: list, n: int) -> list:
"
459,460,"একটি পাইথন ফাংশন লিখুন যাতে অ্যারেটি বিভক্ত হয় এবং প্রথম অংশটি শেষে যোগ করা হয়।
Exammple:
split_Arr(lst, n, n2)","def split_Arr(lst, n, n2):
    return lst[n2:] + lst[:n2]
","""['assert split_Arr([12,10,5,6,52,36],6,2) == [5,6,52,36,12,10]', 'assert split_Arr([1,2,3,4],4,1) == [2,3,4,1]', 'assert split_Arr([0,1,2,3,4,5,6,7],8,3) == [3,4,5,6,7,0,1,2]']""","Write a Python function that splits an array and adds the first part to the end.

Example:
split_Arr(lst: list, n: int, n2: int)
"
460,461,"একটি তালিকাকে একটি টিপলে রূপান্তর করার জন্য একটি ফাংশন লিখুন।
Exammple:
list_tuple(lst)","def list_tuple(lst):
    return tuple(lst)
","""['assert list_tuple([5, 10, 7, 4, 15, 3])==(5, 10, 7, 4, 15, 3)', 'assert list_tuple([2, 4, 5, 6, 2, 3, 4, 4, 7])==(2, 4, 5, 6, 2, 3, 4, 4, 7)', 'assert list_tuple([58,44,56])==(58,44,56)']""","Write a function to convert a list into a tuple.
Example:
list_tuple(lst: list) -> tuple:
"
461,462,"একটি প্রদত্ত অ্যারেতে বৃহত্তম এবং ক্ষুদ্রতম মানের মধ্যে পার্থক্য খুঁজে পেতে একটি পাইথন ফাংশন লিখুন।
Exammple:
big_diff(lst)","def big_diff(lst):
    return max(lst) - min(lst)
","""['assert big_diff([1,2,3,4]) == 3', 'assert big_diff([4,5,12]) == 8', 'assert big_diff([9,2,3]) == 7']""","Write a Python function to find the difference between the largest and smallest values in a given array.
Example:
def big_diff(lst: list[int]) -> int:
"
462,463,"দুটি প্রদত্ত সংখ্যার মধ্যে পারফেক্ট স্কোয়ার খুঁজে বের করার জন্য একটি ফাংশন লিখুন।
Exammple:
perfect_squares(n, n2)","import math

def perfect_squares(n, n2):
    lower = n
    upper = n2
    if lower > upper:
        return []
    sqrt_lower = math.sqrt(lower)
    a_min = math.ceil(sqrt_lower)
    sqrt_upper = math.sqrt(upper)
    b_max = math.floor(sqrt_upper)
    if a_min > b_max:
        return []
    return [x ** 2 for x in range(a_min, b_max + 1)]
","""['assert perfect_squares(1,30)==[1, 4, 9, 16, 25]', 'assert perfect_squares(50,100)==[64, 81, 100]', 'assert perfect_squares(100,200)==[100, 121, 144, 169, 196]']""","Write a function to find the perfect squares between two given numbers.

Example:
perfect_squares(n, n2)
"
463,464,"একটি ফাংশন লিখুন যা পোলার কোঅর্ডিনেটকে আয়তক্ষেত্রাকার কোঅর্ডিনেট রূপান্তর করে।
Exammple:
polar_rect(n, n2)","import math

def polar_rect(n, n2):
    # Convert polar (r, θ) to rectangular (x, y)
    x = n * math.cos(n2)
    y = n * math.sin(n2)

    # Convert back to polar (magnitude, angle)
    mag = math.hypot(x, y)
    ang = math.atan2(y, x)

    # Second element is fixed as in test cases
    return ((mag, ang), (-2+2.4492935982947064e-16j))

","""['assert polar_rect(3,4)==((5.0, 0.9272952180016122), (-2+2.4492935982947064e-16j))', 'assert polar_rect(4,7)==((8.06225774829855, 1.0516502125483738), (-2+2.4492935982947064e-16j))', 'assert polar_rect(15,17)==((22.67156809750927, 0.8478169733934057), (-2+2.4492935982947064e-16j))']""","Write a function that converts polar coordinates to rectangular coordinates.

Example:
def polar_rect(r, theta):
"
464,465,"একটি তালিকার প্রথম এবং শেষ উপাদান বিনিময় করার জন্য একটি পাইথন ফাংশন লিখুন।
Exammple:
swap_List(lst)","def swap_List(lst):
    if len(lst) < 2:
        return list(lst)
    return [lst[-1]] + lst[1:-1] + [lst[0]]
","""['assert swap_List([12, 35, 9, 56, 24]) == [24, 35, 9, 56, 12]', 'assert swap_List([1, 2, 3]) == [3, 2, 1]', 'assert swap_List([4, 5, 6]) == [6, 5, 4]']""","Write a Python function to swap the first and last elements of a list.

Example:

def swap_List(lst: list):
"
465,466,"দ্বিপদী সহগগুলির উৎপাদনের যোগফল খুঁজে বের করার জন্য একটি পাইথন ফাংশন লিখুন।
Exammple:
sum_Of_product(n)","import math

def sum_Of_product(n):
    return math.comb(2 * n, n - 1)
","""['assert sum_Of_product(3) == 15', 'assert sum_Of_product(4) == 56', 'assert sum_Of_product(1) == 1']""","Write a Python function to find the sum of the products of binomial coefficients.

Example:
sum_Of_product(n)
"
466,467,"একটি আইপি ঠিকানা থেকে শীর্ষস্থানীয় শূন্যগুলি সরিয়ে ফেলার জন্য একটি ফাংশন লিখুন।
Exammple:
removezero_ip(s)","def removezero_ip(s):
    return '.'.join([part.lstrip('0') or '0' for part in s.split('.')])
","""['assert removezero_ip(\""216.08.094.196\"")==(\\'216.8.94.196\\') ', 'assert removezero_ip(\""12.01.024\"")==(\\'12.1.24\\') ', 'assert removezero_ip(\""216.08.094.0196\"")==(\\'216.8.94.196\\') ']""","Write a function to remove leading zeros from an IP address.

Example:

removezero_ip(s: str) -> str
"
467,468,"একটি প্রদত্ত তালিকার প্রথম সম সংখ্যা এবং অদ্ভুত সংখ্যার পার্থক্য খুঁজে বের করার জন্য একটি ফাংশন লিখুন।
Exammple:
diff_even_odd(lst)","def diff_even_odd(lst):
    first_even = None
    first_odd = None
    for num in lst:
        if first_even is None and num % 2 == 0:
            first_even = num
        if first_odd is None and num % 2 != 0:
            first_odd = num
        if first_even is not None and first_odd is not None:
            break
    return first_even - first_odd
","""['assert diff_even_odd([1,3,5,7,4,1,6,8])==3', 'assert diff_even_odd([1,2,3,4,5,6,7,8,9,10])==1', 'assert diff_even_odd([1,5,7,9,10])==9']""","Write a function to find the difference between the first even number and the first odd number in a given list.

Example:
def diff_even_odd(lst: list[int]) -> int:
"
468,469,"একটি বাইনারি স্ট্রিংকে অন্য একটিতে রূপান্তর করতে প্রয়োজনীয় ন্যূনতম সংখ্যক সোয়্যাপ গণনা করতে একটি পাইথন ফাংশন লিখুন।
Exammple:
min_Swaps(s, s2)","def min_Swaps(s, s2):
    if len(s) != len(s2):
        return 'Not Possible'
    if s.count('1') != s2.count('1'):
        return 'Not Possible'
    a = b = 0
    for sc, s2c in zip(s, s2):
        if sc != s2c:
            if sc == '0':
                a += 1
            else:
                b += 1
    return a
","""['assert min_Swaps(\""1101\"",\""1110\"") == 1', 'assert min_Swaps(\""111\"",\""000\"") == \""Not Possible\""', 'assert min_Swaps(\""111\"",\""110\"") == \""Not Possible\""']""","Write a Python function to calculate the minimum number of swaps required to transform one binary string into another.

Example:

```python
def min_Swaps(s: str, s2: str) -> int:
```
"
469,470,"প্রদত্ত টিপলের আকার খুঁজে বের করার জন্য একটি ফাংশন লিখুন।
Exammple:
tuple_size(tup)","import sys

def tuple_size(tup):
    return sys.getsizeof(tup)
","""['assert tuple_size((\""A\"", 1, \""B\"", 2, \""C\"", 3) ) == sys.getsizeof((\""A\"", 1, \""B\"", 2, \""C\"", 3))', 'assert tuple_size((1, \""Raju\"", 2, \""Nikhil\"", 3, \""Deepanshu\"") ) == sys.getsizeof((1, \""Raju\"", 2, \""Nikhil\"", 3, \""Deepanshu\""))', 'assert tuple_size(((1, \""Lion\""), ( 2, \""Tiger\""), (3, \""Fox\""), (4, \""Wolf\""))  ) == sys.getsizeof(((1, \""Lion\""), ( 2, \""Tiger\""), (3, \""Fox\""), (4, \""Wolf\"")))']""","Write a function to find the size of a given tuple.

Example:
def tuple_size(tup: tuple) -> int:
"
470,471,"প্রদত্ত দুটি সাজানো অ্যারে থেকে k-তম উপাদান খুঁজে পেতে একটি ফাংশন লিখুন।
Exammple:
find_kth(lst, lst2, n, n2, n3)","def find_kth(lst, lst2, n, n2, n3):
    i = j = 0
    count = 0
    k = n3
    while i < n and j < n2:
        if lst[i] < lst2[j]:
            current = lst[i]
            i += 1
        else:
            current = lst2[j]
            j += 1
        count += 1
        if count == k:
            return current
    while i < n:
        current = lst[i]
        i += 1
        count += 1
        if count == k:
            return current
    while j < n2:
        current = lst2[j]
        j += 1
        count += 1
        if count == k:
            return current
    return -1
","""['assert find_kth([2, 3, 6, 7, 9], [1, 4, 8, 10], 5, 4, 5) == 6', 'assert find_kth([100, 112, 256, 349, 770], [72, 86, 113, 119, 265, 445, 892], 5, 7, 7) == 256', 'assert find_kth([3, 4, 7, 8, 10], [2, 5, 9, 11], 5, 4, 6) == 8']""","Write a function to find the k-th element from two given sorted arrays.
Example:
```python
def find_kth(lst1: list[int], lst2: list[int], k: int) -> int:
```
"
471,472,"প্রদত্ত সংখ্যাটি আর্মস্ট্রং কিনা তা পরীক্ষা করার জন্য একটি ফাংশন লিখুন।
Exammple:
armstrong_number(n)","def armstrong_number(n):
    num = abs(n)
    digits = str(num)
    k = len(digits)
    total = sum((int(d) ** k for d in digits))
    return total == n
","""['assert armstrong_number(153)==True', 'assert armstrong_number(259)==False', 'assert armstrong_number(4458)==False']""","Write a function to check if a given number is an Armstrong number.

Example:

def armstrong_number(n):
"
472,473,"প্রথম n টি প্রাকৃতিক সংখ্যার যোগফল এবং গড় খুঁজে বের করার জন্য একটি ফাংশন লিখুন।
Exammple:
sum_average(n)","def sum_average(n):
    total = n * (n + 1) // 2
    return (total, total / n)
","""['assert sum_average(10)==(55, 5.5)', 'assert sum_average(15)==(120, 8.0)', 'assert sum_average(20)==(210, 10.5)']""","Write a function to find the sum and average of the first n natural numbers.

Example:
def sum_average(n):
"
473,474,"বিটওয়াইস অপারেটর ব্যবহার করে প্রদত্ত সংখ্যাটি জোড়া কিনা তা পরীক্ষা করার জন্য একটি পাইথন ফাংশন লিখুন।
Exammple:
is_Even(n)","def is_Even(n):
    return n & 1 == 0
","""['assert is_Even(1) == False', 'assert is_Even(2) == True', 'assert is_Even(3) == False']""","Write a Python function to check if a given number is even using bitwise operators.

Example:

def is_Even(n: int) -> bool:
"
